found_in_function,team,defect_category,ticket_count
26-07,DTSV_China,,1460
26-07,DTSV_China,Showstopper_Candidate,1000
25-07,DTSV_China,,849
25-07,DTSV_China,Showstopper_Candidate,749
24-07,IUK,,735
24-11,IUK,,555
,DTSV_China,,552
26-03,DTSV_China,,467
24-07,IUK,Showstopper_Candidate,430
26-03,DTSV_China,Showstopper_Candidate,398
24-07,DIPS,,376
24-07,DIPS,Showstopper_Candidate,364
25-07,IUK,,351
24-11,IUK,Showstopper_Candidate,297
25-07,IUK,Showstopper_Candidate,279
25-11,DTSV_China,,275
24-11,DIPS,,267
26-11,DTSV_China,,260
,IUK,,258
26-07,DTSV_China,Homologation L-labelled | Showstopper_Candidate,239
24-11,DIPS,Showstopper_Candidate,235
26-07,DTSV_China,Homologation L-labelled,227
25-07,DIPS,Showstopper_Candidate,226
25-11,DTSV_China,Showstopper_Candidate,221
26-07,DTSV_China,Top_Issue_Confirmed,216
,DIPS,,207
,DTSV_China,Showstopper_Candidate,183
25-03,IUK,Showstopper_Candidate,174
25-07,DIPS,,167
25-07,IUK,Showstopper_Confirmed,152
26-07,DTSV_China,Homologation L-labelled | Not Homologation relevant,149
26-07,DTSV_China,Showstopper_Confirmed,132
25-03,IUK,,124
,DTSV_China,Homologation L-labelled,123
24-07,IUK,Showstopper_Confirmed,121
26-03,DTSV_China,Showstopper_Confirmed,121
26-07,DTSV_China,No_Showstopper_Candidate,116
,DIPS,Showstopper_Candidate,111
25-03,DTSV_China,,107
25-07,DTSV_China,Showstopper_Confirmed,106
25-03,DIPS,Showstopper_Candidate,98
26-03,IUK,,87
25-07,DIPS,Showstopper_Confirmed,85
26-11,DTSV_China,Showstopper_Candidate,80
24-07,DIPS,Showstopper_Confirmed,78
25-03,DIPS,,77
25-03,DTSV_China,Showstopper_Candidate,76
24-11,IUK,Showstopper_Confirmed,74
25-07,IUK,Preventing Maturity Grade ConDrive,70
26-03,DTSV_China,Obstructing Maturity Grade ConDrive | No_Showstopper_Confirmed,70
26-11,IUK,,67
26-03,DTSV_China,Top_Issue_Confirmed,66
24-03,DIPS,,59
,IUK,Showstopper_Candidate,56
24-03,DIPS,Showstopper_Candidate,54
26-07,DIPS,,54
24-11,DIPS,Showstopper_Confirmed,53
26-03,IUK,Preventing Maturity Grade ConDrive,53
26-07,DTSV_China,Homologation L-labelled | Top_Issue_Confirmed,52
26-07,IUK,,49
24-11,DTSV_China,,48
26-11,DTSV_China,Homologation L-labelled,47
26-03,DTSV_China,Homologation L-labelled | Showstopper_Candidate,46
26-07,,,46
24-11,DIPS,Homologation L-labelled | Showstopper_Candidate,42
25-07,DTSV_China,Homologation L-labelled,41
24-03,IUK,,40
26-07,DTSV_China,Preventing Maturity Grade ConDrive,40
25-07,DTSV_China,Homologation L-labelled | Showstopper_Candidate,39
26-03,DTSV_China,Homologation L-labelled,39
25-11,DTSV_China,Top_Issue_Confirmed,38
24-07,DIPS,Homologation L-labelled | Showstopper_Candidate,37
25-11,DTSV_China,Homologation L-labelled | Showstopper_Candidate,37
26-03,IUK,Showstopper_Confirmed,36
25-03,IUK,Showstopper_Confirmed,35
25-11,DTSV_China,Homologation L-labelled,35
,DIPS,Homologation L-labelled,34
26-07,IUK,Top_Issue_Confirmed,34
,DIPS,Preventing Maturity Grade ConDrive,33
,DTSV_China,Homologation L-labelled | Showstopper_Candidate,33
26-07,IuK_TSP_Navi,,33
26-03,DIPS,Showstopper_Confirmed,32
No I-Step Relevance,DTSV_China,Showstopper_Candidate,32
26-07,DTSV_China,Homologation L-labelled | Showstopper_Confirmed,31
25-07,DIPS,Preventing Maturity Grade ConDrive,30
26-03,DIPS,,30
26-07,DIPS,Homologation L-labelled,30
26-07,DIPS,Top_Issue_Confirmed,30
26-07,DTSV_China,Preventing Maturity Grade ConDrive | Showstopper_Candidate,30
24-07,DIPS,Homologation L-labelled,29
26-03,DIPS,Preventing Maturity Grade ConDrive,29
26-07,DIPS,Showstopper_Candidate,29
26-07,IUK,Showstopper_Candidate,29
25-07,,No_Showstopper_Confirmed,28
25-03,DIPS,Showstopper_Confirmed,27
26-07,DTSV_China,Homologation L-labelled | Showstopper_Candidate | Not Homologation relevant,27
24-03,IUK,Showstopper_Candidate,26
24-07,DIPS,Homologation L-labelled | Not Homologation relevant,26
25-07,DTSV_China,Obstructing Maturity Grade ConDrive | No_Showstopper_Confirmed,25
26-07,DIPS,Homologation L-labelled | Top_Issue_Confirmed,25
24-07,DIPS,Homologation L-labelled | Showstopper_Candidate | Not Homologation relevant,24
No I-Step Relevance,DTSV_China,,23
,,,22
,DTSV_China,Preventing Maturity Grade ConDrive,22
24-07,IUK,Homologation L-labelled | Showstopper_Candidate | Not Homologation relevant,22
25-07,DIPS,Homologation L-labelled,22
25-07,DIPS,Homologation L-labelled | Showstopper_Confirmed,22
25-07,IUK,Homologation L-labelled | Showstopper_Confirmed,22
25-07,IUK,Preventing Maturity Grade ConDrive | Showstopper_Confirmed,22
26-03,DIPS,Showstopper_Candidate,22
24-11,IUK,No_Showstopper_Confirmed,21
25-11,DTSV_China,Showstopper_Confirmed,21
26-11,DTSV_China,Homologation L-labelled | Showstopper_Candidate,21
,DIPS,Showstopper_Confirmed,20
24-07,IUK,Homologation L-labelled | Showstopper_Candidate,20
24-07,IUK,Homologation L-labelled | Showstopper_Confirmed | Not Homologation relevant,20
25-07,,,20
27-07,DTSV_China,,20
24-07,IUK,Homologation L-labelled,19
25-07,DTSV_China,Top_Issue_Confirmed,19
26-07,DIPS,Homologation L-labelled | Showstopper_Candidate,19
25-03,DIPS,Homologation L-labelled | Showstopper_Candidate,18
25-07,DIPS,Homologation L-labelled | Showstopper_Candidate,18
25-07,DTSV_China,Obstructing Maturity Grade ConDrive,18
25-11,DIPS,Showstopper_Candidate,18
26-07,DIPS,Showstopper_Confirmed,18
26-11,IUK,Showstopper_Candidate,18
26-11,IuK_TSP_Navi,,18
,DIPS,Homologation L-labelled | Showstopper_Candidate,17
,IUK,Homologation L-labelled,17
24-07,IUK,No_Showstopper_Confirmed,17
24-11,DTSV_China,Showstopper_Candidate,17
26-07,DIPS,Homologation L-labelled | Not Homologation relevant,17
26-11,,,17
No I-Step Relevance,DIPS,,17
,DIPS,Preventing Maturity Grade ConDrive | Homologation L-labelled,16
24-11,DIPS,Homologation L-labelled,16
24-11,IUK,Homologation L-labelled,16
24-11,IUK,Homologation L-labelled | Showstopper_Candidate,16
25-11,DIPS,Top_Issue_Confirmed,16
26-07,IUK,Homologation L-labelled,16
26-07,IUK,Showstopper_Confirmed,16
No I-Step Relevance,DIPS,Showstopper_Candidate,16
25-11,IUK,Top_Issue_Confirmed,15
26-03,DIPS,Homologation L-labelled,15
26-03,IUK,Showstopper_Candidate,15
,DIPS,Preventing Maturity Grade ConDrive | Showstopper_Confirmed,14
24-03,IUK,Showstopper_Confirmed,14
24-07,DIPS,Homologation L-labelled | Showstopper_Confirmed | Not Homologation relevant,14
24-11,IUK,Homologation L-labelled | Showstopper_Candidate | Not Homologation relevant,14
25-07,DTSV_China,No_Showstopper_Candidate,14
25-11,,,14
26-03,DTSV_China,Preventing Maturity Grade ConDrive,14
26-03,DTSV_China,Preventing Maturity Grade ConDrive | Showstopper_Candidate,14
26-07,DIPS,Homologation L-labelled | Showstopper_Confirmed,14
26-07,DIPS,Preventing Maturity Grade ConDrive,14
,IUK,Preventing Maturity Grade ConDrive,13
24-07,DIPS,Homologation L-labelled | Showstopper_Confirmed,13
24-07,IUK,Homologation L-labelled | Not Homologation relevant,13
25-03,IUK,Homologation L-labelled | Showstopper_Candidate,13
25-07,DTSV_China,Preventing Maturity Grade ConDrive,13
25-07,DTSV_China,Preventing Maturity Grade ConDrive | Showstopper_Candidate,13
25-07,DTSV_China,Preventing Maturity Grade ConDrive | Showstopper_Confirmed,13
25-07,IUK,No_Showstopper_Confirmed,13
26-03,IUK,Preventing Maturity Grade ConDrive | Showstopper_Confirmed,13
26-07,,Showstopper_Candidate,13
26-07,IUK,Homologation L-labelled | Showstopper_Candidate,13
26-07,IUK,Homologation L-labelled | Top_Issue_Confirmed,13
,IUK,Showstopper_Confirmed,12
24-07,IUK,No_Showstopper_Candidate,12
24-11,DIPS,No_Showstopper_Confirmed,12
25-07,DIPS,Homologation L-labelled | Not Homologation relevant,12
25-07,DIPS,Homologation L-labelled | Showstopper_Candidate | Not Homologation relevant,12
25-07,DIPS,Preventing Maturity Grade ConDrive | Showstopper_Confirmed,12
25-07,IUK,Homologation L-labelled | Showstopper_Candidate,12
25-11,DIPS,Showstopper_Confirmed,12
26-07,DTSV_China,Preventing Maturity Grade ConDrive | Showstopper_Confirmed,12
26-11,DIPS,,12
27-07,DTSV_China,Showstopper_Candidate,12
24-07,DIPS,No_Showstopper_Confirmed,11
25-07,,Showstopper_Confirmed,11
25-07,IUK,Preventing Maturity Grade ConDrive | Homologation L-labelled | Showstopper_Confirmed,11
25-07,IUK,Top_Issue_Confirmed,11
26-03,DTSV_China,Homologation L-labelled | Showstopper_Confirmed,11
26-07,DTSV_China,Not Homologation relevant,11
26-07,IuK_TSP_Entertainment,Showstopper_Candidate,11
27-07,DTSV_China,Homologation L-labelled,11
,DIPS,Homologation L-labelled | Not Homologation relevant,10
25-07,DIPS,Preventing Maturity Grade Customer Function | Showstopper_Confirmed,10
25-07,DTSV_China,No_Showstopper_Confirmed,10
25-11,IUK,Homologation L-labelled | Top_Issue_Confirmed,10
26-03,DTSV_China,Homologation L-labelled | Not Homologation relevant,10
26-03,DTSV_China,No_Showstopper_Candidate,10
26-03,DTSV_China,Preventing Maturity Grade ConDrive | Showstopper_Confirmed,10
26-07,,Top_Issue_Confirmed,10
26-07,DTSV_China,Homologation L-labelled | No_Showstopper_Candidate,10
26-07,DTSV_China,Preventing Maturity Grade Customer Function | Showstopper_Candidate,10
26-07,DTSV_China,Showstopper_Candidate | Not Homologation relevant,10
26-07,IUK,No_Showstopper_Candidate,10
26-07,IuK_TSP_Navi,No_Showstopper_Candidate,10
27-07,DTSV_China,Preventing Maturity Grade ConDrive,10
,DIPS,Preventing Maturity Grade ConDrive | Showstopper_Candidate,9
24-07,DIPS,No_Showstopper_Candidate,9
25-03,DTSV_China,Showstopper_Confirmed,9
25-03,IUK,No_Showstopper_Confirmed,9
25-07,,Showstopper_Candidate,9
25-07,DIPS,Obstructing Maturity Grade ConDrive | Showstopper_Candidate,9
25-07,DIPS,Preventing Maturity Grade ConDrive | Homologation L-labelled,9
25-07,DTSV_China,Not Homologation relevant,9
25-07,IUK,Obstructing Maturity Grade ConDrive,9
25-07,IUK,Obstructing Maturity Grade ConDrive | Showstopper_Candidate,9
25-11,,No_Showstopper_Confirmed,9
26-03,,,9
26-03,DIPS,Top_Issue_Confirmed,9
26-03,DTSV_China,Showstopper_Candidate | Not Homologation relevant,9
26-03,IUK,Top_Issue_Confirmed,9
26-07,DTSV_China,Homologation L-labelled | Not Homologation relevant | Top_Issue_Confirmed,9
26-07,DTSV_China,Homologation L-labelled | Showstopper_Confirmed | Not Homologation relevant,9
26-07,IUK,Homologation L-labelled | Showstopper_Confirmed,9
26-11,DIPS,Showstopper_Candidate,9
27-07,IuK_TSP_Stability_Performance,Showstopper_Candidate,9
,,Showstopper_Candidate,8
24-03,DIPS,Showstopper_Confirmed,8
24-07,IUK,Homologation L-labelled | Showstopper_Confirmed,8
24-11,DIPS,Homologation L-labelled | Not Homologation relevant,8
25-07,IUK,Homologation L-labelled,8
25-07,IUK,Preventing Maturity Grade ConDrive | Showstopper_Candidate,8
25-11,DIPS,,8
25-11,DIPS,Homologation L-labelled | Top_Issue_Confirmed,8
25-11,DTSV_China,Homologation L-labelled | Top_Issue_Confirmed,8
25-11,IUK,,8
26-07,,Homologation L-labelled | Showstopper_Candidate,8
26-07,DTSV_China,No_Showstopper_Confirmed,8
26-07,IUK,Preventing Maturity Grade ConDrive,8
26-07,IuK_TSP_Stability_Performance,Showstopper_Candidate,8
,DIPS,Homologation L-labelled | Showstopper_Candidate | Not Homologation relevant,7
,DTSV_China,Homologation L-labelled | Not Homologation relevant,7
,IuK_TSP_HMI,,7
24-11,IUK,Homologation L-labelled | Not Homologation relevant,7
24-11,IUK,Homologation L-labelled | Showstopper_Confirmed | Not Homologation relevant,7
25-03,IUK,Homologation L-labelled | Showstopper_Candidate | Not Homologation relevant,7
25-07,DIPS,Obstructing Maturity Grade ConDrive | Showstopper_Confirmed,7
25-07,DIPS,Top_Issue_Confirmed,7
25-07,DTSV_China,Homologation L-labelled | Not Homologation relevant,7
25-07,DTSV_China,Homologation L-labelled | Showstopper_Confirmed,7
25-07,IUK,Homologation L-labelled | Showstopper_Candidate | Not Homologation relevant,7
25-07,IUK,Preventing Maturity Grade Customer Function | Showstopper_Confirmed,7
26-03,DIPS,Homologation L-labelled | Not Homologation relevant,7
26-03,IUK,Preventing Maturity Grade ConDrive | Homologation L-labelled,7
26-03,IUK,Preventing Maturity Grade ConDrive | Homologation L-labelled | Not Homologation relevant,7
26-07,,Homologation L-labelled | Top_Issue_Confirmed,7
26-07,,No_Showstopper_Candidate,7
26-07,DTSV_China,Preventing Maturity Grade ConDrive | Homologation L-labelled | Showstopper_Candidate,7
26-07,DTSV_China,Preventing Maturity Grade Customer Function | Homologation L-labelled | Top_Issue_Confirmed,7
26-11,IuK_TSP_Stability_Performance,Showstopper_Candidate,7
27-07,,,7
,DTSV_China,Preventing Maturity Grade ConDrive | Showstopper_Candidate,6
,IUK,No_Showstopper_Candidate,6
,IUK,Preventing Maturity Grade ConDrive | Showstopper_Confirmed,6
23-11,DIPS,Showstopper_Candidate,6
24-11,,,6
24-11,DIPS,Homologation L-labelled | Showstopper_Candidate | Not Homologation relevant,6
24-11,DIPS,No_Showstopper_Candidate,6
25-07,DTSV_China,Showstopper_Candidate | Not Homologation relevant,6
25-07,IUK,Obstructing Maturity Grade ConDrive | No_Showstopper_Confirmed,6
25-11,DTSV_China,No_Showstopper_Candidate,6
25-11,DTSV_China,No_Showstopper_Confirmed,6
25-11,IUK,Showstopper_Candidate,6
26-03,DIPS,Preventing Maturity Grade ConDrive | Homologation L-labelled,6
26-03,DTSV_China,Not Homologation relevant,6
26-07,DTSV_China,Preventing Maturity Grade Customer Function | Showstopper_Confirmed,6
26-07,IUK,Preventing Maturity Grade ConDrive | Showstopper_Candidate,6
26-07,IuK_TSP_Entertainment,,6
26-07,IuK_TSP_HMI,Showstopper_Candidate,6
26-07,IuK_TSP_Navi,Top_Issue_Confirmed,6
26-11,IuK_TSP_Navi,Showstopper_Candidate,6
27-07,DTSV_China,Homologation L-labelled | Showstopper_Candidate,6
27-07,DTSV_China,Preventing Maturity Grade ConDrive | Showstopper_Candidate,6
27-07,IuK_TSP_Navi,,6
No I-Step Relevance,IUK,,6
,IuK_TSP_Audio,,5
24-03,DIPS,Homologation L-labelled | Showstopper_Candidate,5
24-03,DIPS,Homologation L-labelled | Showstopper_Confirmed,5
24-03,IUK,Homologation L-labelled | Showstopper_Candidate | Not Homologation relevant,5
24-07,,Showstopper_Confirmed,5
24-07,IUK,Showstopper_Candidate | No_Showstopper_Confirmed,5
25-03,IUK,Homologation L-labelled,5
25-07,DIPS,No_Showstopper_Confirmed,5
25-07,DIPS,Preventing Maturity Grade ConDrive | Showstopper_Candidate,5
25-07,DTSV_China,Obstructing Maturity Grade ConDrive | Showstopper_Candidate,5
25-07,IUK,Preventing Maturity Grade ConDrive | Preventing Maturity Grade Customer Function | Showstopper_Confirmed,5
25-07,IuK_TSP_HMI,No_Showstopper_Confirmed,5
25-11,DIPS,Preventing Maturity Grade Customer Function | Top_Issue_Confirmed,5
25-11,DTSV_China,Not Homologation relevant,5
25-11,DTSV_China,Showstopper_Candidate | Not Homologation relevant,5
26-03,DIPS,Preventing Maturity Grade ConDrive | Showstopper_Candidate,5
26-03,DTSV_China,Homologation L-labelled | Top_Issue_Confirmed,5
26-03,IUK,Homologation L-labelled | Showstopper_Confirmed,5
26-07,DIPS,Homologation L-labelled | Showstopper_Confirmed | Not Homologation relevant,5
26-07,DIPS_TSP_CD_Updates,,5
26-07,IUK,Preventing Maturity Grade Customer Function | Homologation L-labelled | Top_Issue_Confirmed,5
26-11,DIPS,Homologation L-labelled,5
26-11,DIPS,Homologation L-labelled | Showstopper_Candidate,5
26-11,DIPS,Top_Issue_Confirmed,5
26-11,DTSV_China,Homologation L-labelled | Not Homologation relevant,5
26-11,DTSV_China,No_Showstopper_Candidate,5
26-11,DTSV_China,Top_Issue_Confirmed,5
No I-Step Relevance,DTSV_China,Homologation L-labelled | Showstopper_Candidate,5
,DIPS,Not Homologation relevant,4
,DIPS,Preventing Maturity Grade ConDrive | Homologation L-labelled | Showstopper_Confirmed,4
,DTSV_China,No_Showstopper_Candidate,4
,IUK,Preventing Maturity Grade ConDrive | Homologation L-labelled,4
23-11,IUK,,4
24-03,DIPS,Homologation L-labelled,4
24-07,[AT]CoC_EI_IuK_China,Showstopper_Confirmed,4
24-11,DIPS,Homologation L-labelled | Showstopper_Confirmed,4
25-03,DIPS,Homologation L-labelled | Not Homologation relevant,4
25-03,DIPS,Homologation L-labelled | Showstopper_Candidate | Not Homologation relevant,4
25-03,DIPS,No_Showstopper_Confirmed,4
25-03,DTSV_China,Homologation L-labelled | Showstopper_Candidate,4
25-03,IUK,Homologation L-labelled | Showstopper_Confirmed | Not Homologation relevant,4
25-07,DIPS,Escalation ConDrive | Preventing Maturity Grade ConDrive | Preventing Maturity Grade Customer Function | Showstopper_Confirmed,4
25-07,DIPS,Homologation L-labelled | Showstopper_Confirmed | Not Homologation relevant,4
25-07,DIPS,Preventing Maturity Grade Customer Function | Homologation L-labelled | Showstopper_Confirmed,4
25-07,IUK,Escalation ConDrive | Preventing Maturity Grade ConDrive | Preventing Maturity Grade Customer Function | Showstopper_Confirmed,4
25-07,IUK,Homologation L-labelled | Showstopper_Confirmed | Not Homologation relevant,4
25-07,IUK,Preventing Maturity Grade Customer Function | Homologation L-labelled | Showstopper_Confirmed,4
25-07,[AT]W72-FIT,Showstopper_Confirmed,4
25-11,DIPS,Homologation L-labelled | Showstopper_Confirmed,4
25-11,IUK,Preventing Maturity Grade Customer Function | Showstopper_Confirmed,4
25-11,IUK,Preventing Maturity Grade Customer Function | Top_Issue_Confirmed,4
25-11,IUK,Showstopper_Confirmed,4
26-03,DIPS,Homologation L-labelled | Showstopper_Confirmed,4
26-03,IUK,Homologation L-labelled,4
26-03,IUK,Homologation L-labelled | Showstopper_Candidate,4
26-03,IUK,Obstructing Maturity Grade ConDrive | No_Showstopper_Confirmed,4
26-07,,Homologation L-labelled,4
26-07,DIPS,Preventing Maturity Grade Customer Function | Homologation L-labelled | Showstopper_Confirmed,4
26-07,DTSV_China,Preventing Maturity Grade ConDrive | Homologation L-labelled,4
26-07,DTSV_China,Showstopper_Confirmed | Not Homologation relevant,4
26-07,IUK,Preventing Maturity Grade ConDrive | Homologation L-labelled | Showstopper_Confirmed,4
26-07,IUK,Preventing Maturity Grade ConDrive | Preventing Maturity Grade Customer Function | Homologation L-labelled | Showstopper_Confirmed,4
26-07,IUK,Preventing Maturity Grade ConDrive | Showstopper_Confirmed,4
26-07,IUK,Preventing Maturity Grade Customer Function | Showstopper_Confirmed,4
26-07,IUK,Preventing Maturity Grade Customer Function | Top_Issue_Confirmed,4
26-07,IuK_TSP_Audio,Showstopper_Candidate,4
26-07,IuK_TSP_Connectivity,Homologation L-labelled,4
26-11,,Homologation L-labelled | Top_Issue_Confirmed,4
26-11,DTSV_China,Homologation L-labelled | Top_Issue_Confirmed,4
27-07,DIPS,,4
No I-Step Relevance,DTSV_China,Homologation L-labelled,4
,,Homologation L-labelled,3
,DIPS,Homologation L-labelled | Showstopper_Confirmed,3
,DIPS,Showstopper_Candidate | Not Homologation relevant,3
,DIPS_TSP_CD_Updates,Showstopper_Candidate,3
,IUK,Homologation L-labelled | Showstopper_Candidate,3
,IUK,Homologation L-labelled | Showstopper_Confirmed,3
,IUK,Preventing Maturity Grade ConDrive | Showstopper_Candidate,3
,IuK_TSP_Audio,Homologation L-labelled,3
24-03,IUK,Homologation L-labelled | Showstopper_Candidate,3
24-03,Spotlight_FIT,Showstopper_Confirmed,3
24-07,,Showstopper_Candidate,3
24-07,DIPS,Homologation L-labelled | No_Showstopper_Candidate,3
24-07,DIPS,Homologation L-labelled | No_Showstopper_Confirmed,3
24-07,DIPS,Obstructing Maturity Grade ExtInt | Homologation L-labelled,3
24-07,DIPS,Preventing Maturity Grade ConDrive | Showstopper_Confirmed,3
24-07,IUK,Preventing Maturity Grade ConDrive | Homologation L-labelled | Showstopper_Confirmed | Not Homologation relevant,3
24-07,[AT]FIT_Basis_SP21_LU,Showstopper_Confirmed,3
24-11,DIPS,Homologation L-labelled | No_Showstopper_Candidate,3
24-11,DIPS,Homologation L-labelled | No_Showstopper_Confirmed,3
24-11,DIPS,Showstopper_Candidate | No_Showstopper_Confirmed,3
24-11,IUK,No_Showstopper_Candidate,3
25-03,,No_Showstopper_Confirmed,3
25-03,DIPS,Homologation L-labelled,3
25-03,DIPS,Homologation L-labelled | Showstopper_Confirmed,3
25-03,DTSV_China,Obstructing Maturity Grade ConDrive,3
25-07,DIPS,Escalation ConDrive | Showstopper_Confirmed,3
25-07,DIPS,Homologation L-labelled | Showstopper_Confirmed | Homologation relevant,3
25-07,DIPS,No_Showstopper_Candidate,3
25-07,DIPS,Obstructing Maturity Grade ConDrive | No_Showstopper_Confirmed,3
25-07,DIPS,Obstructing Maturity Grade ExtInt | Homologation L-labelled | Showstopper_Candidate,3
25-07,DIPS,Preventing Maturity Grade ConDrive | Homologation L-labelled | Showstopper_Confirmed,3
25-07,DIPS,Preventing Maturity Grade ConDrive | Homologation L-labelled | Showstopper_Confirmed | Not Homologation relevant,3
25-07,DIPS,Preventing Maturity Grade ConDrive | Preventing Maturity Grade Customer Function | Homologation L-labelled | Showstopper_Confirmed,3
25-07,DIPS,Preventing Maturity Grade ConDrive | Preventing Maturity Grade Customer Function | Showstopper_Confirmed,3
25-07,DIPS,Showstopper_Candidate | Not Homologation relevant,3
25-07,DTSV_China,Homologation L-labelled | Showstopper_Candidate | Not Homologation relevant,3
25-07,DTSV_China,Homologation L-labelled | Top_Issue_Confirmed,3
25-07,DTSV_China,Preventing Maturity Grade ConDrive | Preventing Maturity Grade Customer Function | Showstopper_Confirmed,3
25-07,IUK,Homologation L-labelled | Not Homologation relevant,3
25-07,IUK,Obstructing Maturity Grade System Function | Homologation L-labelled | Showstopper_Candidate,3
25-07,IUK,Preventing Maturity Grade ConDrive | Homologation L-labelled,3
25-07,IUK,Preventing Maturity Grade ConDrive | Homologation L-labelled | Showstopper_Confirmed | Not Homologation relevant,3
25-11,DIPS,Homologation L-labelled | Showstopper_Candidate,3
25-11,DIPS,Preventing Maturity Grade Customer Function | Showstopper_Confirmed,3
25-11,IUK,Obstructing Maturity Grade ConDrive | Showstopper_Candidate,3
25-11,IUK,Preventing Maturity Grade Customer Function | Homologation L-labelled | Top_Issue_Confirmed,3
26-03,,Homologation L-labelled,3
26-03,,Showstopper_Candidate,3
26-03,DIPS,Homologation L-labelled | Showstopper_Confirmed | Not Homologation relevant,3
26-03,DIPS,Homologation L-labelled | Top_Issue_Confirmed,3
26-03,DIPS,Preventing Maturity Grade ConDrive | Showstopper_Confirmed,3
26-03,DTSV_China,Homologation L-labelled | Showstopper_Candidate | Not Homologation relevant,3
26-03,DTSV_China,No_Showstopper_Confirmed,3
26-03,DTSV_China,Preventing Maturity Grade ConDrive | Homologation L-labelled,3
26-03,DTSV_China,Showstopper_Confirmed | Homologation relevant,3
26-03,IUK,Homologation L-labelled | Not Homologation relevant,3
26-07,,Preventing Maturity Grade ConDrive | Preventing Maturity Grade Customer Function | Homologation L-labelled | Showstopper_Confirmed,3
26-07,DIPS,Not Homologation relevant,3
26-07,DIPS,Preventing Maturity Grade ConDrive | Homologation L-labelled | Showstopper_Confirmed,3
26-07,DIPS,Preventing Maturity Grade ConDrive | Preventing Maturity Grade Customer Function | Homologation L-labelled | Showstopper_Confirmed,3
26-07,DIPS,Preventing Maturity Grade ConDrive | Showstopper_Candidate,3
26-07,DIPS,Preventing Maturity Grade Customer Function | Homologation L-labelled | Top_Issue_Confirmed,3
26-07,DIPS_TSP_CD_Updates,Showstopper_Candidate,3
26-07,DTSV_China,Preventing Maturity Grade Customer Function | Homologation L-labelled | Showstopper_Confirmed,3
26-07,IUK,Homologation L-labelled | Not Homologation relevant,3
26-11,,Showstopper_Candidate,3
26-11,IuK_TSP_HMI,Showstopper_Candidate,3
27-07,,Showstopper_Candidate,3
27-07,DTSV_China,Preventing Maturity Grade ConDrive | Homologation L-labelled,3
27-07,DTSV_China,Preventing Maturity Grade ConDrive | Homologation L-labelled | Showstopper_Candidate,3
27-07,IuK_TSP_Entertainment,Showstopper_Candidate,3
27-07,IuK_TSP_HMI,Showstopper_Candidate,3
No I-Step Relevance,DIPS,Homologation L-labelled | Showstopper_Candidate,3
No I-Step Relevance,IUK,Showstopper_Candidate,3
,DIPS,Preventing Maturity Grade ConDrive | Homologation L-labelled | Showstopper_Candidate,2
,DIPS,Preventing Maturity Grade ConDrive | Showstopper_Candidate | Buildability affected,2
,DIPS_TSP_Remote_Services,Homologation L-labelled,2
,DTSV_China,Not Homologation relevant,2
,DTSV_China,Preventing Maturity Grade ConDrive | Homologation L-labelled,2
,DTSV_China,Showstopper_Candidate | Buildability affected,2
,DTSV_China,Showstopper_Candidate | Not Homologation relevant,2
,DTSV_China,Showstopper_Confirmed,2
,IUK,Homologation L-labelled | Showstopper_Confirmed | Not Homologation relevant,2
,IUK,Preventing Maturity Grade ConDrive | Homologation L-labelled | Showstopper_Confirmed,2
,IUK,Preventing Maturity Grade ConDrive | Preventing Maturity Grade Customer Function | Showstopper_Candidate,2
,IuK_TSP_Audio,Showstopper_Candidate,2
,IuK_TSP_Navi,,2
22-07,DIPS,,2
23-07,DIPS,Showstopper_Candidate | No_Showstopper_Confirmed,2
23-11,DIPS,,2
23-11,DIPS,Homologation L-labelled | Showstopper_Candidate,2
23-11,DIPS,Showstopper_Confirmed,2
24-03,,No_Showstopper_Confirmed,2
24-03,DIPS,Homologation L-labelled | Showstopper_Candidate | Not Homologation relevant,2
24-03,DIPS,Homologation L-labelled | Showstopper_Confirmed | Not Homologation relevant,2
24-03,DIPS,Not Homologation relevant,2
24-03,DTSV_China,Showstopper_Confirmed,2
24-03,[AT]W72-FIT,Showstopper_Candidate,2
24-07,,,2
24-07,DIPS,Homologation L-labelled | No_Showstopper_Confirmed | Not Homologation relevant,2
24-07,DIPS,Homologation L-labelled | Preventing Maturity Grade Energy Management | Showstopper_Candidate,2
24-07,DIPS,Homologation L-labelled | Showstopper_Candidate | No_Showstopper_Confirmed,2
24-07,DIPS,Not Homologation relevant,2
24-07,DIPS,Obstructing Maturity Grade ExtInt | Homologation L-labelled | Showstopper_Confirmed,2
24-07,DIPS,Showstopper_Candidate | Not Homologation relevant,2
24-07,DTSV_China,,2
24-07,DTSV_China,Showstopper_Candidate,2
24-07,DTSV_China,Showstopper_Confirmed,2
24-07,DTSV_WCL,Showstopper_Confirmed,2
24-07,[AT]CoC_EI_IuK_MGU_ENG10_SysVal,Showstopper_Confirmed,2
24-07,[AT]SysVal_China,Showstopper_Candidate,2
24-07,[AT]SysVal_Korea,Showstopper_Confirmed,2
24-11,,No_Showstopper_Confirmed,2
24-11,,Showstopper_Candidate,2
24-11,DIPS,Homologation L-labelled | Showstopper_Confirmed | Not Homologation relevant,2
24-11,DIPS,Obstructing Maturity Grade ExtInt | Showstopper_Confirmed,2
24-11,DIPS,Showstopper_Confirmed | Not Homologation relevant,2
24-11,IUK,Homologation L-labelled | Showstopper_Candidate | No_Showstopper_Confirmed,2
24-11,IUK,Homologation L-labelled | Showstopper_Confirmed,2
25-03,DIPS,Showstopper_Candidate | Not Homologation relevant,2
25-03,DTSV_China,Homologation L-labelled,2
25-03,DTSV_China,Homologation L-labelled | Not Homologation relevant,2
25-03,[AT]W72-FIT,Showstopper_Candidate,2
25-07,,Homologation L-labelled | Showstopper_Confirmed,2
25-07,,Homologation L-labelled | Showstopper_Confirmed | Not Homologation relevant,2
25-07,DIPS,Escalation General Testing | Showstopper Customer Function | Showstopper_Confirmed | Buildability affected,2
25-07,DIPS,Homologation L-labelled | Top_Issue_Confirmed,2
25-07,DIPS,Obstructing Maturity Grade ConDrive,2
25-07,DIPS,Obstructing Maturity Grade ConDrive | Showstopper_Candidate | No_Showstopper_Confirmed,2
25-07,DIPS,Obstructing Maturity Grade ExtInt | Showstopper_Confirmed,2
25-07,DIPS,Preventing Maturity Grade ConDrive | Showstopper_Confirmed | Not Homologation relevant,2
25-07,DIPS,Preventing Maturity Grade Customer Function | Showstopper_Candidate | Buildability affected,2
25-07,DIPS,Showstopper_Confirmed | Not Homologation relevant,2
25-07,DTSV_China,Obstructing Maturity Grade ConDrive | Homologation L-labelled | No_Showstopper_Confirmed,2
25-07,DTSV_China,Preventing Maturity Grade ConDrive | Homologation L-labelled | Showstopper_Candidate,2
25-07,DTSV_China,Preventing Maturity Grade Customer Function | Homologation L-labelled | Showstopper_Confirmed,2
25-07,DTSV_China,Preventing Maturity Grade Customer Function | Top_Issue_Confirmed,2
25-07,DTSV_China,Showstopper_Candidate | Homologation relevant,2
25-07,DTSV_China,Showstopper_Candidate | No_Showstopper_Confirmed,2
25-07,DTSV_China,Showstopper_Confirmed | Not Homologation relevant,2
25-07,IUK,Escalation ConDrive | Homologation L-labelled | Showstopper_Confirmed,2
25-07,IUK,No_Showstopper_Candidate,2
25-07,IUK,Obstructing Maturity Grade ConDrive | Homologation L-labelled | No_Showstopper_Confirmed,2
25-07,IUK,Obstructing Maturity Grade ConDrive | Homologation L-labelled | Showstopper_Candidate,2
25-07,IUK,Obstructing Maturity Grade ConDrive | Homologation L-labelled | Showstopper_Candidate | No_Showstopper_Confirmed,2
25-07,IUK,Obstructing Maturity Grade ConDrive | Preventing Maturity Grade Customer Function | Showstopper_Confirmed,2
25-07,IUK,Obstructing Maturity Grade ConDrive | Showstopper_Candidate | No_Showstopper_Confirmed,2
25-07,IUK,Preventing Maturity Grade Customer Function | Homologation L-labelled | Showstopper_Confirmed | Not Homologation relevant,2
25-07,IUK,Preventing Maturity Grade Customer Function | Showstopper_Confirmed | Not Homologation relevant,2
25-07,IUK,Showstopper_Candidate | No_Showstopper_Confirmed,2
25-07,IuK_TSP_HMI,,2
25-07,[AT]BBA_Basis-FIT,Showstopper_Confirmed,2
25-07,[AT]W72-FIT,Showstopper_Candidate,2
25-11,,Showstopper_Candidate,2
25-11,DIPS,Escalation ConDrive | Preventing Maturity Grade Customer Function | Homologation L-labelled | Showstopper_Confirmed,2
25-11,DIPS,Not Homologation relevant | Top_Issue_Confirmed,2
25-11,DIPS,Preventing Maturity Grade Customer Function | Homologation L-labelled | Showstopper_Confirmed,2
25-11,DIPS_TSP_CD_Updates,,2
25-11,DTSV_China,Homologation L-labelled | Not Homologation relevant,2
25-11,DTSV_China,Homologation L-labelled | Showstopper_Confirmed,2
25-11,DTSV_China,Preventing Maturity Grade ConDrive | Showstopper_Candidate,2
25-11,DTSV_China,Preventing Maturity Grade System Function | Preventing Maturity Grade Customer Function | Homologation L-labelled | Top_Issue_Confirmed,2
25-11,IUK,Homologation L-labelled | Showstopper_Confirmed,2
25-11,IUK,Preventing Maturity Grade ConDrive | Preventing Maturity Grade Customer Function | Homologation L-labelled | Showstopper_Confirmed,2
25-11,IUK,Preventing Maturity Grade Customer Function | Homologation L-labelled | Showstopper_Confirmed | Not Homologation relevant,2
25-11,IUK,Preventing Maturity Grade System Function | Homologation L-labelled | Top_Issue_Confirmed,2
25-11,IuK_TSP_Navi,No_Showstopper_Confirmed,2
26-03,,No_Showstopper_Candidate,2
26-03,,Top_Issue_Confirmed,2
26-03,DIPS,Homologation L-labelled | Showstopper_Candidate,2
26-03,DIPS,Obstructing Maturity Grade ConDrive | No_Showstopper_Confirmed,2
26-03,DIPS,Preventing Maturity Grade ConDrive | Not Homologation relevant,2
26-03,DIPS,Preventing Maturity Grade Customer Function | Homologation L-labelled | Showstopper_Confirmed,2
26-03,DIPS,Preventing Maturity Grade Customer Function | Showstopper_Confirmed,2
26-03,DTSV_China,Escalation ADAS | Homologation L-labelled | Showstopper_Candidate,2
26-03,DTSV_China,Obstructing Maturity Grade ConDrive | Homologation L-labelled | No_Showstopper_Confirmed,2
26-03,DTSV_China,Preventing Maturity Grade ConDrive | Homologation L-labelled | Showstopper_Candidate,2
26-03,DTSV_China,Preventing Maturity Grade ConDrive | Homologation L-labelled | Showstopper_Confirmed,2
26-03,DTSV_China,Preventing Maturity Grade ConDrive | Showstopper_Confirmed | Homologation relevant,2
26-03,DTSV_China,Preventing Maturity Grade Customer Function | Showstopper_Candidate,2
26-03,DTSV_China,Preventing Maturity Grade Customer Function | Top_Issue_Confirmed,2
26-03,IUK,Homologation L-labelled | Top_Issue_Confirmed,2
26-03,IUK,Preventing Maturity Grade Customer Function | Homologation L-labelled | Top_Issue_Confirmed,2
26-03,IUK,Preventing Maturity Grade Customer Function | Showstopper_Confirmed,2
26-03,IuK_TSP_Navi,,2
26-07,,No_Showstopper_Confirmed,2
26-07,,Preventing Maturity Grade Customer Function | Homologation L-labelled | Showstopper_Confirmed,2
26-07,DIPS,Homologation L-labelled | Not Homologation relevant | Top_Issue_Confirmed,2
26-07,DIPS,Obstructing Maturity Grade ConDrive | Showstopper_Candidate | No_Showstopper_Confirmed,2
26-07,DIPS,Preventing Maturity Grade ConDrive | Homologation L-labelled | Showstopper_Candidate,2
26-07,DIPS,Preventing Maturity Grade ConDrive | Preventing Maturity Grade Customer Function | Homologation L-labelled | Showstopper_Confirmed | Not Homologation relevant,2
26-07,DIPS,Preventing Maturity Grade Customer Function | Homologation L-labelled | Showstopper_Confirmed | Not Homologation relevant,2
26-07,DIPS,Preventing Maturity Grade Customer Function | Top_Issue_Confirmed,2
26-07,DTSV_China,Escalation ConDrive | Homologation L-labelled | Showstopper_Candidate,2
26-07,DTSV_China,No Top Issue ExtInt,2
26-07,DTSV_China,Not Homologation relevant | Top_Issue_Confirmed,2
26-07,DTSV_China,Preventing Maturity Grade ConDrive | Homologation L-labelled | Showstopper_Confirmed,2
26-07,DTSV_China,Preventing Maturity Grade Customer Function | Homologation L-labelled | Showstopper_Candidate,2
26-07,DTSV_China,Preventing Maturity Grade Customer Function | Top_Issue_Confirmed,2
26-07,DTSV_China,Preventing Maturity Grade System Function | Homologation L-labelled | Showstopper_Candidate,2
26-07,IUK,Homologation L-labelled | Showstopper_Confirmed | Not Homologation relevant,2
26-07,IUK,Preventing Maturity Grade ConDrive | Homologation L-labelled | Top_Issue_Confirmed,2
26-07,IUK,Preventing Maturity Grade ConDrive | Preventing Maturity Grade Customer Function | Homologation L-labelled | Showstopper_Candidate,2
26-07,IUK,Preventing Maturity Grade ConDrive | Top_Issue_Confirmed,2
26-07,IUK,Preventing Maturity Grade Customer Function | Homologation L-labelled | Showstopper_Confirmed | Not Homologation relevant,2
26-07,IUK,Preventing Maturity Grade Customer Function | Showstopper_Candidate,2
26-07,IUK,Showstopper_Confirmed | Not Homologation relevant,2
26-07,IuK_TSP_Carfunctions,Showstopper_Candidate,2
26-07,IuK_TSP_Connectivity,Homologation L-labelled | Showstopper_Candidate,2
26-07,IuK_TSP_Entertainment,Homologation L-labelled,2
26-07,IuK_TSP_HMI,,2
26-07,IuK_TSP_Navi,Showstopper_Candidate,2
26-11,,Homologation L-labelled,2
26-11,DIPS,Showstopper_Confirmed,2
26-11,DIPS_TSP_CD_Updates,,2
26-11,DIPS_TSP_CD_Updates,Showstopper_Candidate,2
26-11,DTSV_China,Preventing Maturity Grade Customer Function | Homologation L-labelled | Showstopper_Candidate,2
26-11,DTSV_China,Preventing Maturity Grade Customer Function | Showstopper_Candidate,2
26-11,DTSV_China,Preventing Maturity Grade Customer Function | Showstopper_Confirmed,2
26-11,DTSV_China,Preventing Maturity Grade ExtInt,2
26-11,DTSV_China,Showstopper_Confirmed,2
26-11,IUK,Homologation L-labelled,2
26-11,IuK_TSP_Audio,,2
26-11,IuK_TSP_Connectivity,,2
26-11,IuK_TSP_Entertainment,,2
26-11,IuK_TSP_Entertainment,Homologation L-labelled,2
27-07,DIPS_TSP_CD_Updates,Showstopper_Candidate,2
27-07,IUK,Preventing Maturity Grade ConDrive | Showstopper_Candidate,2
27-07,IuK_TSP_Connectivity,Homologation L-labelled,2
27-07,IuK_TSP_Connectivity,Homologation L-labelled | Showstopper_Candidate,2
27-07,IuK_TSP_Entertainment,Homologation L-labelled | Showstopper_Candidate,2
No I-Step Relevance,DIPS,Preventing Maturity Grade ConDrive | Homologation L-labelled | Showstopper_Candidate | Not Homologation relevant,2
No I-Step Relevance,DTSV_China,Homologation L-labelled | No_Showstopper_Candidate,2
No I-Step Relevance,DTSV_China,Preventing Maturity Grade ConDrive | Showstopper_Candidate,2
,,Escalation General Testing | Preventing Maturity Grade ConDrive | Showstopper M50 | Showstopper_Confirmed | Buildability affected,1
,,Homologation L-labelled | Showstopper_Confirmed,1
,,Preventing Maturity Grade ConDrive | Homologation L-labelled | Showstopper_Confirmed,1
,,Preventing Maturity Grade ConDrive | Showstopper_Candidate,1
,,Preventing Maturity Grade Customer Function | Showstopper_Confirmed,1
,DIPS,Escalation General Testing | Preventing Maturity Grade ConDrive | Buildability affected,1
,DIPS,Escalation General Testing | Preventing Maturity Grade ConDrive | Showstopper_Confirmed | Buildability affected,1
,DIPS,Homologation L-labelled | Showstopper_Confirmed | Not Homologation relevant,1
,DIPS,No_Showstopper_Candidate,1
,DIPS,Obstructing Maturity Grade ConDrive | No_Showstopper_Confirmed,1
,DIPS,Obstructing Maturity Grade ExtInt | Homologation L-labelled | Showstopper_Candidate,1
,DIPS,Preventing Maturity Grade ADAS | Preventing Maturity Grade Powertrain | Preventing Maturity Grade Basic Function | Buildability SOP | Preventing Maturity Grade ConDrive | Homologation L-labelled | Buildability affected,1
,DIPS,Preventing Maturity Grade ConDrive | Homologation L-labelled | Not Homologation relevant,1
,DIPS,Preventing Maturity Grade ConDrive | Homologation L-labelled | Showstopper_Confirmed | Homologation relevant | Not Homologation relevant,1
,DIPS,Preventing Maturity Grade ConDrive | Homologation L-labelled | Showstopper_Confirmed | Not Homologation relevant,1
,DIPS,Preventing Maturity Grade ConDrive | Preventing Maturity Grade Customer Function | Homologation L-labelled | Not Homologation relevant | Top_Issue_Confirmed,1
,DIPS,Preventing Maturity Grade ConDrive | Preventing Maturity Grade Customer Function | Showstopper_Confirmed,1
,DIPS,Preventing Maturity Grade ConDrive | Showstopper_Confirmed | Buildability affected,1
,DIPS,Preventing Maturity Grade System Function | Buildability SOP | Homologation L-labelled,1
,DIPS,Preventing Maturity Grade System Function | Escalation ConDrive | Obstructing Maturity Grade ExtInt | Preventing Maturity Grade Customer Function | Homologation L-labelled | Not Homologation relevant | Top_Issue_Confirmed,1
,DIPS,Preventing Maturity Grade System Function | Showstopper_Confirmed,1
,DIPS,Top_Issue_Confirmed,1
,DIPS_TSP_CD_Updates,,1
,DIPS_TSP_CD_Updates,Homologation L-labelled | Showstopper_Candidate,1
,DIPS_TSP_Enabler,,1
,DIPS_TSP_Enabler,Showstopper_Candidate,1
,DIPS_TSP_MobileApps,Homologation L-labelled | Showstopper_Candidate,1
,DIPS_TSP_Remote_Services,Homologation L-labelled | Showstopper_Candidate,1
,DIPS_TSP_Remote_Services,Showstopper_Candidate,1
,DTSV_China,Homologation L-labelled | Showstopper_Confirmed,1
,DTSV_China,Obstructing Maturity Grade ExtInt | Homologation L-labelled,1
,DTSV_China,Preventing Maturity Grade ConDrive | Homologation L-labelled | Showstopper_Candidate,1
,IUK,Homologation L-labelled | Not Homologation relevant,1
,IUK,Not Homologation relevant,1
,IUK,Preventing Maturity Grade ConDrive | Homologation L-labelled | Not Homologation relevant,1
,IUK,Preventing Maturity Grade ConDrive | Homologation L-labelled | Showstopper_Candidate,1
,IUK,Preventing Maturity Grade ConDrive | Homologation L-labelled | Showstopper_Confirmed | Not Homologation relevant,1
,IUK,Preventing Maturity Grade ConDrive | Not Homologation relevant,1
,IUK,Preventing Maturity Grade System Function | Escalation General Testing | Preventing Maturity Grade ConDrive | Preventing Maturity Grade Customer Function | Showstopper_Confirmed | Buildability Blocker,1
,IuK_TSP_Audio,Homologation L-labelled | Showstopper_Candidate,1
,IuK_TSP_Carfunctions,,1
,IuK_TSP_Carfunctions,Preventing Maturity Grade ConDrive | Showstopper_Candidate,1
,IuK_TSP_Entertainment,,1
,IuK_TSP_Entertainment,Homologation L-labelled | Showstopper_Candidate,1
,IuK_TSP_HMI,Homologation L-labelled,1
,IuK_TSP_HMI,Homologation L-labelled | Showstopper_Candidate,1
,IuK_TSP_HMI,Showstopper_Candidate,1
,IuK_TSP_Navi,No_Showstopper_Confirmed,1
,IuK_TSP_Stability_Performance,Showstopper_Candidate,1
,[AT]FIT_LAENDER_CHINA,Homologation L-labelled,1
,[AT]W71-FIT,Showstopper_Candidate,1
,[AT]supplier,Top_Issue_Confirmed,1
00-00,DTSV_China,Preventing Maturity Grade ConDrive | Showstopper_Candidate,1
20-03,DIPS,,1
22-03,DIPS,,1
22-03,DIPS,Showstopper_Candidate,1
23-03,,Showstopper_Confirmed,1
23-03,DIPS,Showstopper_Candidate,1
23-03,DIPS,Showstopper_Confirmed,1
23-03,DTSV_China,Homologation L-labelled,1
23-07,,Obstructing Maturity Grade ConDrive | Homologation L-labelled | Showstopper_Confirmed | Not Homologation relevant,1
23-07,,Obstructing Maturity Grade ConDrive | Showstopper_Candidate | No_Showstopper_Confirmed,1
23-07,,Obstructing Maturity Grade ExtInt | Homologation L-labelled | Showstopper_Candidate | No_Showstopper_Confirmed,1
23-07,,Showstopper_Candidate,1
23-07,,Showstopper_Confirmed,1
23-07,DTSV_Brasilien,Showstopper_Candidate,1
23-07,DTSV_China,,1
23-07,DTSV_China,Homologation L-labelled | Showstopper_Candidate | Not Homologation relevant,1
23-07,DTSV_China,Showstopper_Candidate,1
23-07,DTSV_Japan,Homologation L-labelled,1
23-07,IUK,,1
23-07,IUK,Homologation L-labelled,1
23-07,[AT]CoC_EI_IuK_MGU_ENG10_SysVal,Homologation L-labelled | Showstopper_Candidate | Not Homologation relevant,1
23-07,[AT]supplier,,1
23-11,,,1
23-11,,Showstopper_Candidate,1
23-11,DIPS,Buildability Obstruction | Showstopper_Confirmed,1
23-11,DTSV_China,,1
23-11,DTSV_China,Homologation L-labelled | Showstopper_Confirmed | Not Homologation relevant,1
23-11,DTSV_China,Showstopper_Candidate,1
23-11,DTSV_Japan,Homologation L-labelled | Showstopper_Confirmed,1
23-11,DTSV_WCL,Showstopper_Confirmed,1
23-11,IUK,Homologation L-labelled,1
23-11,IUK,Showstopper_Candidate,1
23-11,[AT]W06-FIT,Showstopper_Confirmed,1
23-11,[AT]W07-FIT,Buildability Obstruction | Homologation L-labelled | Showstopper_Confirmed | Buildability affected,1
23-11,[AT]W71-FIT,No_Showstopper_Candidate,1
23-11,[AT]W71-FIT,Showstopper_Confirmed,1
23-11,[AT]W72-FIT,Showstopper_Candidate,1
24-03,,Obstructing Maturity Grade ConDrive | Showstopper_Candidate | No_Showstopper_Confirmed,1
24-03,,Showstopper_Candidate,1
24-03,,Showstopper_Confirmed,1
24-03,DIPS,Homologation L-labelled | No_Showstopper_Candidate,1
24-03,DIPS,Homologation L-labelled | Not Homologation relevant,1
24-03,DIPS,Homologation L-labelled | Showstopper_Candidate | No_Showstopper_Confirmed | Not Homologation relevant,1
24-03,DIPS,No_Showstopper_Candidate,1
24-03,DIPS,No_Showstopper_Confirmed,1
24-03,DIPS,Showstopper_Candidate | Not Homologation relevant,1
24-03,DTSV_China,Homologation L-labelled | Showstopper_Candidate | Not Homologation relevant,1
24-03,DTSV_China,Obstructing Maturity Grade ConDrive | Showstopper_Candidate,1
24-03,DTSV_Japan,Homologation L-labelled | Showstopper_Confirmed | Not Homologation relevant,1
24-03,DTSV_Korea,Homologation L-labelled | Not Homologation relevant,1
24-03,DTSV_Korea,Showstopper_Confirmed,1
24-03,DTSV_MUC_IuK,Preventing Maturity Grade ConDrive | Homologation L-labelled | Showstopper_Confirmed | Not Homologation relevant,1
24-03,IUK,Homologation L-labelled | Not Homologation relevant,1
24-03,IUK,Homologation L-labelled | Showstopper_Confirmed | Not Homologation relevant,1
24-03,IUK,No_Showstopper_Candidate,1
24-03,IUK,No_Showstopper_Confirmed,1
24-03,IUK,Obstructing Maturity Grade System Function | Homologation L-labelled | Showstopper_Confirmed,1
24-03,IuK_TSP_Connectivity,Homologation L-labelled | Showstopper_Candidate | Not Homologation relevant,1
24-03,[AT]FIT_Basis_SP21_LU,Homologation L-labelled | Showstopper_Confirmed | Not Homologation relevant,1
24-03,[AT]FIT_Basis_SP21_LU,Showstopper_Confirmed,1
24-03,[AT]W06-FIT,Homologation L-labelled | Showstopper_Confirmed | Not Homologation relevant,1
24-03,[AT]W71-FIT,Showstopper_Confirmed,1
24-07,,Homologation L-labelled | Showstopper_Confirmed,1
24-07,,Obstructing Maturity Grade ConDrive | Showstopper_Confirmed,1
24-07,DIPS,Buildability Obstruction | Homologation L-labelled | Showstopper_Confirmed,1
24-07,DIPS,Buildability Obstruction | Homologation L-labelled | Showstopper_Confirmed | Not Homologation relevant,1
24-07,DIPS,Buildability Obstruction | Obstructing Maturity Grade System Function | Homologation L-labelled | Showstopper_Confirmed,1
24-07,DIPS,Buildability Obstruction | Preventing Maturity Grade ConDrive | Showstopper_Candidate,1
24-07,DIPS,Escalation Basic Function | Homologation L-labelled | Showstopper_Confirmed | Not Homologation relevant,1
24-07,DIPS,Homologation L-labelled | No_Showstopper_Candidate | Not Homologation relevant,1
24-07,DIPS,Homologation L-labelled | Showstopper_Confirmed | Buildability affected,1
24-07,DIPS,No Top Issue ExtInt | Homologation L-labelled,1
24-07,DIPS,No_Showstopper_Confirmed | Not Homologation relevant,1
24-07,DIPS,Obstructing Maturity Grade Basic Function | No_Showstopper_Candidate,1
24-07,DIPS,Obstructing Maturity Grade Basic Function | Showstopper_Confirmed,1
24-07,DIPS,Obstructing Maturity Grade ConDrive | Homologation L-labelled,1
24-07,DIPS,Obstructing Maturity Grade ExtInt,1
24-07,DIPS,Obstructing Maturity Grade ExtInt | Homologation L-labelled | Showstopper_Candidate,1
24-07,DIPS,Obstructing Maturity Grade ExtInt | Homologation L-labelled | Showstopper_Candidate | Not Homologation relevant,1
24-07,DIPS,Obstructing Maturity Grade System Function,1
24-07,DIPS,Obstructing Maturity Grade System Function | Homologation L-labelled | Showstopper_Confirmed,1
24-07,DIPS,Preventing Maturity Grade Basic Function | Preventing Maturity Grade ConDrive | Homologation L-labelled | Showstopper_Confirmed | Not Homologation relevant,1
24-07,DIPS,Preventing Maturity Grade ConDrive,1
24-07,DIPS,Preventing Maturity Grade ConDrive | Homologation L-labelled | Showstopper_Candidate | Not Homologation relevant,1
24-07,DIPS,Preventing Maturity Grade ConDrive | Homologation L-labelled | Showstopper_Confirmed,1
24-07,DIPS,Preventing Maturity Grade ConDrive | Homologation L-labelled | Showstopper_Confirmed | Not Homologation relevant,1
24-07,DIPS,Preventing Maturity Grade ConDrive | Showstopper_Candidate,1
24-07,DIPS,Preventing Maturity Grade ExtInt | Buildability Obstruction | Homologation L-labelled | Showstopper_Confirmed,1
24-07,DIPS,Preventing Maturity Grade ExtInt | Homologation L-labelled | Showstopper_Candidate,1
24-07,DIPS,Preventing Maturity Grade ExtInt | Homologation L-labelled | Showstopper_Confirmed,1
24-07,DIPS,Preventing Maturity Grade ExtInt | Homologation L-labelled | Showstopper_Confirmed | Not Homologation relevant,1
24-07,DIPS_TSP_Remote_Services,Showstopper_Confirmed,1
24-07,DTSV_Japan,Homologation L-labelled | Showstopper_Confirmed | Not Homologation relevant,1
24-07,DTSV_Korea,Showstopper_Candidate,1
24-07,DTSV_WCL,Obstructing Maturity Grade ConDrive | Showstopper_Confirmed | Buildability affected,1
24-07,EE_BasicFunctions_RSU,Homologation L-labelled | Showstopper_Confirmed,1
24-07,IUK,Buildability Obstruction | Homologation L-labelled | Showstopper_Confirmed,1
24-07,IUK,Homologation L-labelled | No_Showstopper_Candidate,1
24-07,IUK,Homologation L-labelled | Showstopper_Candidate | No_Showstopper_Confirmed | Not Homologation relevant,1
24-07,IUK,Not Homologation relevant,1
24-07,IUK,Obstructing Maturity Grade ConDrive | Homologation L-labelled | Showstopper_Confirmed | Not Homologation relevant,1
24-07,IUK,Obstructing Maturity Grade System Function | Homologation L-labelled | Showstopper_Candidate,1
24-07,IUK,Preventing Maturity Grade ConDrive | Showstopper_Candidate,1
24-07,IUK,Showstopper_Candidate | Homologation relevant,1
24-07,IUK,Showstopper_Candidate | Not Homologation relevant,1
24-07,IuK_CoC_XCall,Homologation L-labelled | Showstopper_Confirmed | Not Homologation relevant,1
24-07,IuK_TSP_AZV,Obstructing Maturity Grade ConDrive | Showstopper_Confirmed,1
24-07,IuK_TSP_Entertainment,No_Showstopper_Candidate,1
24-07,IuK_TSP_Fokusteam,Homologation L-labelled | Showstopper_Confirmed | Not Homologation relevant,1
24-07,IuK_TSP_Fokusteam,Obstructing Maturity Grade ConDrive | Homologation L-labelled | Showstopper_Candidate | Not Homologation relevant,1
24-07,[AT] EE-FIT_SP21_LK,Preventing Maturity Grade ConDrive | Showstopper_Confirmed,1
24-07,[AT]CoC_EI_IuK,Showstopper_Candidate,1
24-07,[AT]CoC_EI_IuK_China,,1
24-07,[AT]CoC_EV_FAS,Preventing Maturity Grade ConDrive | Showstopper_Candidate,1
24-07,[AT]FIT_LAENDER,Homologation L-labelled | Showstopper_Candidate,1
24-07,[AT]FIT_LAENDER,Preventing Maturity Grade ExtInt | Homologation L-labelled | Showstopper_Candidate,1
24-07,[AT]FIT_LAENDER,Preventing Maturity Grade ExtInt | Homologation L-labelled | Showstopper_Confirmed,1
24-07,[AT]FIT_LAENDER,Showstopper_Candidate,1
24-07,[AT]FIT_LAENDER_CHINA,Showstopper_Confirmed,1
24-07,[AT]SysVal_China,No_Showstopper_Candidate,1
24-07,[AT]SysVal_Korea,,1
24-07,[AT]W01-FIT,Showstopper_Candidate,1
24-07,[AT]W10-FIT,Homologation L-labelled | Showstopper_Confirmed | Not Homologation relevant,1
24-07,[AT]W30-FIT,Showstopper_Confirmed,1
24-07,[AT]W71-FIT,Showstopper_Candidate,1
24-07,[AT]W71-FIT,Showstopper_Candidate | No_Showstopper_Confirmed,1
24-07,[AT]W71-FIT,Showstopper_Confirmed,1
24-07,[AT]W72-FIT,Showstopper_Candidate,1
24-07,[AT]W72-FIT,Showstopper_Confirmed,1
24-07,[AT]supplier,No Top Issue ExtInt | No_Showstopper_Candidate,1
24-07,[AT]supplier,No_Showstopper_Confirmed,1
24-11,DIPS,Homologation L-labelled | No_Showstopper_Confirmed | Not Homologation relevant,1
24-11,DIPS,Homologation L-labelled | Showstopper_Candidate | Buildability affected,1
24-11,DIPS,Homologation L-labelled | Showstopper_Confirmed | Homologation relevant,1
24-11,DIPS,Homologation L-labelled | Showstopper_Confirmed | Preventing Maturity Grade Candidate ExtInt,1
24-11,DIPS,No Top Issue ExtInt | Homologation L-labelled | Showstopper_Candidate,1
24-11,DIPS,Not Homologation relevant,1
24-11,DIPS,Obstructing Maturity Grade ConDrive,1
24-11,DIPS,Obstructing Maturity Grade ConDrive | Homologation L-labelled,1
24-11,DIPS,Obstructing Maturity Grade ConDrive | Showstopper_Candidate,1
24-11,DIPS,Obstructing Maturity Grade ConDrive | Showstopper_Confirmed,1
24-11,DIPS,Obstructing Maturity Grade ExtInt | Homologation L-labelled | Showstopper_Confirmed,1
24-11,DIPS,Obstructing Maturity Grade ExtInt | Showstopper_Candidate,1
24-11,DIPS,Preventing Maturity Grade ConDrive | Showstopper_Candidate,1
24-11,DIPS,Preventing Maturity Grade Energy Management | Showstopper_Candidate,1
24-11,DIPS,Preventing Maturity Grade ExtInt | Homologation L-labelled | Showstopper_Candidate,1
24-11,DIPS,Preventing Maturity Grade ExtInt | Homologation L-labelled | Showstopper_Candidate | No_Showstopper_Confirmed,1
24-11,DIPS,Preventing Maturity Grade ExtInt | Homologation L-labelled | Showstopper_Confirmed,1
24-11,DIPS,Top_Issue_Confirmed,1
24-11,DTSV_China,Homologation L-labelled | Showstopper_Candidate,1
24-11,DTSV_China,Homologation L-labelled | Showstopper_Confirmed | Not Homologation relevant,1
24-11,DTSV_China,No_Showstopper_Confirmed,1
24-11,IUK,Homologation L-labelled | No_Showstopper_Confirmed,1
24-11,IUK,Homologation L-labelled | Showstopper_Candidate | Buildability affected,1
24-11,IUK,No Top Issue ExtInt | No_Showstopper_Candidate,1
24-11,IUK,No Top Issue ExtInt | Showstopper_Candidate,1
24-11,IUK,Obstructing Maturity Grade ExtInt | Homologation L-labelled | Showstopper_Candidate,1
24-11,IUK,Obstructing Maturity Grade ExtInt | Homologation L-labelled | Showstopper_Confirmed,1
24-11,IUK,Obstructing Maturity Grade System Function | Homologation L-labelled | Showstopper_Candidate,1
24-11,IUK,Preventing Maturity Grade ConDrive | Showstopper_Candidate,1
24-11,IUK,Preventing Maturity Grade ExtInt | Homologation L-labelled | Showstopper_Candidate,1
24-11,IUK,Preventing Maturity Grade System Function | Homologation L-labelled | Showstopper_Candidate,1
24-11,IUK,Showstopper_Candidate | Homologation relevant,1
24-11,IUK,Showstopper_Candidate | Not Homologation relevant,1
24-11,IUK,Showstopper_Confirmed | Homologation relevant,1
24-11,MGU_Stability_Analysis,Homologation L-labelled | Showstopper_Candidate | Not Homologation relevant,1
24-11,MGU_Stability_Analysis,Showstopper_Candidate,1
24-11,[AT]CoC_EI_IuK_China,,1
24-11,[AT]W72-Analysis,Obstructing Maturity Grade ConDrive,1
24-11,[AT]W72-FIT,Homologation L-labelled | Showstopper_Confirmed | Not Homologation relevant,1
24-11,[AT]W72-FIT,Showstopper_Confirmed,1
24-11,[AT]supplier,Obstructing Maturity Grade ConDrive,1
25-03,,Obstructing Maturity Grade ConDrive,1
25-03,,Preventing Maturity Grade ConDrive | Homologation L-labelled | Showstopper_Confirmed | Not Homologation relevant,1
25-03,DIPS,Escalation General Testing | Preventing Maturity Grade SI | Preventing Maturity Grade ConDrive | Homologation L-labelled | Showstopper_Candidate | Not Homologation relevant,1
25-03,DIPS,Homologation L-labelled | Showstopper_Confirmed | Homologation relevant,1
25-03,DIPS,Homologation L-labelled | Showstopper_Confirmed | Not Homologation relevant,1
25-03,DIPS,No_Showstopper_Candidate,1
25-03,DIPS,Obstructing Maturity Grade ConDrive | Homologation L-labelled | Showstopper_Candidate,1
25-03,DIPS,Obstructing Maturity Grade ConDrive | Showstopper_Candidate,1
25-03,DIPS,Preventing Maturity Grade ConDrive,1
25-03,DIPS,Preventing Maturity Grade ConDrive | Showstopper_Candidate,1
25-03,DIPS,Top_Issue_Confirmed,1
25-03,DTSV_China,No Top Issue ExtInt,1
25-03,DTSV_China,No_Showstopper_Confirmed,1
25-03,DTSV_China,Preventing Maturity Grade ConDrive | Homologation L-labelled | Showstopper_Candidate,1
25-03,DTSV_China,Showstopper_Candidate | Not Homologation relevant,1
25-03,IUK,Homologation L-labelled | Not Homologation relevant,1
25-03,IUK,Homologation L-labelled | Top_Issue_Confirmed,1
25-03,IUK,Homologation relevant,1
25-03,IUK,No_Showstopper_Candidate,1
25-03,IUK,Obstructing Maturity Grade ConDrive,1
25-03,IUK,Obstructing Maturity Grade ConDrive | Homologation L-labelled | Showstopper_Confirmed | Not Homologation relevant,1
25-03,IUK,Obstructing Maturity Grade ConDrive | Showstopper_Candidate,1
25-03,IUK,Obstructing Maturity Grade ConDrive | Showstopper_Confirmed,1
25-03,IUK,Preventing Maturity Grade ConDrive | Showstopper_Candidate,1
25-03,IUK,Preventing Maturity Grade ConDrive | Showstopper_Confirmed,1
25-03,IUK,Showstopper_Candidate | Homologation relevant,1
25-03,IuK_TSP_Fokusteam,Showstopper_Confirmed,1
25-03,IuK_TSP_Testautomatisation,Homologation L-labelled | Showstopper_Confirmed | Not Homologation relevant,1
25-03,IuK_TSP_VorIntegration,Obstructing Maturity Grade ConDrive | Showstopper_Candidate,1
25-03,[AT]W07-FIT,Homologation L-labelled | Showstopper_Confirmed | Not Homologation relevant,1
25-03,[AT]W72-FIT,Showstopper_Confirmed,1
25-03,[AT]supplier,Obstructing Maturity Grade ConDrive | Showstopper_Candidate,1
25-07,,Homologation L-labelled | No_Showstopper_Candidate,1
25-07,,Homologation L-labelled | No_Showstopper_Confirmed,1
25-07,,No Top Issue ExtInt | Homologation L-labelled | Showstopper_Confirmed,1
25-07,,Obstructing Maturity Grade ConDrive | Homologation L-labelled | Showstopper_Confirmed,1
25-07,,Preventing Maturity Grade ConDrive,1
25-07,,Preventing Maturity Grade ConDrive | Preventing Maturity Grade Customer Function | Homologation L-labelled | Showstopper_Confirmed,1
25-07,,Preventing Maturity Grade Customer Function | Showstopper_Confirmed,1
25-07,,Preventing Maturity Grade ExtInt | Preventing Maturity Grade Customer Function | Showstopper_Candidate,1
25-07,,Preventing Maturity Grade System Function | Homologation L-labelled | Showstopper_Confirmed,1
25-07,,Preventing Maturity Grade System Function | No_Showstopper_Confirmed,1
25-07,,Showstopper_Candidate | Buildability affected,1
25-07,,Showstopper_Candidate | No_Showstopper_Confirmed,1
25-07,,Top_Issue_Confirmed,1
25-07,DIPS,Buildability Obstruction | Showstopper_Confirmed | Buildability affected,1
25-07,DIPS,Buildability SOP | Preventing Maturity Grade ConDrive | Homologation L-labelled,1
25-07,DIPS,Buildability SOP | Preventing Maturity Grade Customer Function | Showstopper_Confirmed,1
25-07,DIPS,Buildability SOP | Showstopper_Candidate,1
25-07,DIPS,Escalation ADAS | Escalation General Testing | Preventing Maturity Grade Customer Function | Homologation L-labelled | Showstopper_Confirmed | Homologation relevant | Buildability affected,1
25-07,DIPS,Escalation ADAS | Obstructing Maturity Grade ConDrive | Escalation General Testing | Preventing Maturity Grade SI | Preventing Maturity Grade Customer Function | Homologation L-labelled | Showstopper_Confirmed | Not Homologation relevant,1
25-07,DIPS,Escalation ADAS | Obstructing Maturity Grade ConDrive | Preventing Maturity Grade Customer Function | Showstopper_Confirmed,1
25-07,DIPS,Escalation ConDrive | Buildability SOP | Preventing Maturity Grade ConDrive | Preventing Maturity Grade Customer Function | Homologation L-labelled | Not Homologation relevant,1
25-07,DIPS,Escalation ConDrive | Buildability SOP | Preventing Maturity Grade Customer Function | Showstopper_Confirmed,1
25-07,DIPS,Escalation ConDrive | Homologation L-labelled | Showstopper_Confirmed,1
25-07,DIPS,Escalation ConDrive | Homologation L-labelled | Showstopper_Confirmed | Buildability affected,1
25-07,DIPS,Escalation ConDrive | Obstructing Maturity Grade ExtInt | Preventing Maturity Grade Customer Function | Showstopper_Confirmed | Not Homologation relevant,1
25-07,DIPS,Escalation ConDrive | Preventing Maturity Grade ConDrive | Homologation L-labelled | Showstopper_Confirmed,1
25-07,DIPS,Escalation ConDrive | Preventing Maturity Grade ConDrive | Preventing Maturity Grade Customer Function | Showstopper_Confirmed | Buildability affected,1
25-07,DIPS,Escalation ConDrive | Preventing Maturity Grade Customer Function | Homologation L-labelled | Showstopper_Confirmed,1
25-07,DIPS,Escalation ConDrive | Preventing Maturity Grade Customer Function | Homologation L-labelled | Showstopper_Confirmed | Buildability affected,1
25-07,DIPS,Escalation ConDrive | Preventing Maturity Grade Customer Function | Showstopper_Confirmed | Buildability affected,1
25-07,DIPS,Escalation ExtInt | Obstructing Maturity Grade ConDrive | Preventing Maturity Grade Customer Function | No_Showstopper_Confirmed,1
25-07,DIPS,Escalation General Testing | Preventing Maturity Grade ConDrive | Buildability affected,1
25-07,DIPS,Escalation General Testing | Preventing Maturity Grade Customer Function | Homologation L-labelled | Showstopper_Candidate | Buildability affected,1
25-07,DIPS,Escalation General Testing | Preventing Maturity Grade Customer Function | Homologation L-labelled | Showstopper_Confirmed | Buildability affected,1
25-07,DIPS,Escalation Powertrain | Preventing Maturity Grade Customer Function | Showstopper_Confirmed | Escalation QZF,1
25-07,DIPS,Homologation L-labelled | Buildability affected,1
25-07,DIPS,Homologation L-labelled | Homologation relevant,1
25-07,DIPS,Homologation L-labelled | No_Showstopper_Candidate,1
25-07,DIPS,No Top Issue ExtInt | Escalation ConDrive | Preventing Maturity Grade Customer Function | Showstopper_Confirmed | Buildability affected,1
25-07,DIPS,No Top Issue ExtInt | Homologation L-labelled | Showstopper_Candidate,1
25-07,DIPS,No Top Issue ExtInt | Preventing General Testing | Preventing Maturity Grade Customer Function | Homologation L-labelled | Showstopper_Confirmed,1
25-07,DIPS,No_Showstopper_Confirmed | Not Homologation relevant,1
25-07,DIPS,Obstructing Maturity Grade ConDrive | Homologation L-labelled,1
25-07,DIPS,Obstructing Maturity Grade ConDrive | Homologation L-labelled | No_Showstopper_Confirmed,1
25-07,DIPS,Obstructing Maturity Grade ConDrive | Homologation L-labelled | No_Showstopper_Confirmed | Not Homologation relevant,1
25-07,DIPS,Obstructing Maturity Grade ConDrive | Homologation L-labelled | Showstopper_Candidate,1
25-07,DIPS,Obstructing Maturity Grade ConDrive | Homologation L-labelled | Showstopper_Candidate | No_Showstopper_Confirmed,1
25-07,DIPS,Obstructing Maturity Grade ConDrive | Homologation L-labelled | Showstopper_Candidate | No_Showstopper_Confirmed | Not Homologation relevant,1
25-07,DIPS,Obstructing Maturity Grade ConDrive | Homologation L-labelled | Showstopper_Confirmed,1
25-07,DIPS,Obstructing Maturity Grade ConDrive | Preventing Maturity Grade Customer Function | Homologation L-labelled | Showstopper_Confirmed,1
25-07,DIPS,Obstructing Maturity Grade ExtInt,1
25-07,DIPS,Obstructing Maturity Grade ExtInt | Homologation L-labelled | Not Homologation relevant | Top_Issue_Confirmed,1
25-07,DIPS,Obstructing Maturity Grade ExtInt | Preventing Maturity Grade Customer Function | Homologation L-labelled | Top_Issue_Confirmed,1
25-07,DIPS,Preventing General Testing | Preventing Maturity Grade ConDrive | Obstructing Maturity Grade ExtInt | Preventing Maturity Grade Customer Function | Showstopper_Confirmed,1
25-07,DIPS,Preventing Maturity Grade ADAS | Escalation ADAS | Obstructing Maturity Grade ConDrive | Homologation L-labelled | Showstopper_Candidate | No_Showstopper_Confirmed,1
25-07,DIPS,Preventing Maturity Grade ADAS | Escalation ADAS | Preventing Maturity Grade Customer Function | Homologation L-labelled | Showstopper_Confirmed,1
25-07,DIPS,Preventing Maturity Grade Basic Function | Obstructing Maturity Grade ExtInt | Homologation L-labelled | Showstopper_Confirmed,1
25-07,DIPS,Preventing Maturity Grade Basic Function | Preventing Maturity Grade ConDrive | Preventing Maturity Grade Customer Function | Showstopper_Confirmed,1
25-07,DIPS,Preventing Maturity Grade Basic Function | Preventing Maturity Grade Customer Function | Homologation L-labelled | Showstopper_Confirmed | Escalation QZF,1
25-07,DIPS,Preventing Maturity Grade ConDrive | Homologation L-labelled | Homologation relevant,1
25-07,DIPS,Preventing Maturity Grade ConDrive | Homologation L-labelled | Not Homologation relevant,1
25-07,DIPS,Preventing Maturity Grade ConDrive | Homologation L-labelled | Showstopper_Candidate,1
25-07,DIPS,Preventing Maturity Grade ConDrive | Homologation L-labelled | Showstopper_Candidate | Homologation relevant,1
25-07,DIPS,Preventing Maturity Grade ConDrive | Obstructing Maturity Grade System Function | Homologation L-labelled | Showstopper_Candidate | No_Showstopper_Confirmed | Not Homologation relevant,1
25-07,DIPS,Preventing Maturity Grade ConDrive | Preventing Maturity Grade Customer Function | Showstopper_Candidate,1
25-07,DIPS,Preventing Maturity Grade Customer Function | Homologation L-labelled | Showstopper_Candidate,1
25-07,DIPS,Preventing Maturity Grade Customer Function | Homologation L-labelled | Showstopper_Confirmed | Not Homologation relevant | Buildability affected,1
25-07,DIPS,Preventing Maturity Grade Customer Function | Not Homologation relevant | Top_Issue_Confirmed,1
25-07,DIPS,Preventing Maturity Grade ExtInt | Escalation ExtInt | Escalation General Testing | Preventing Maturity Grade Customer Function | Showstopper_Confirmed | Homologation relevant,1
25-07,DIPS,Preventing Maturity Grade ExtInt | Escalation ExtInt | Preventing General Testing | Preventing Maturity Grade SI | Preventing Maturity Grade ConDrive | Preventing Maturity Grade Customer Function | Homologation L-labelled | Showstopper_Confirmed,1
25-07,DIPS,Preventing Maturity Grade ExtInt | Homologation L-labelled | Showstopper_Candidate,1
25-07,DIPS,Preventing Maturity Grade ExtInt | Preventing Maturity Grade Customer Function | Homologation L-labelled | Showstopper_Confirmed,1
25-07,DIPS,Preventing Maturity Grade Powertrain | Escalation ConDrive | Preventing Maturity Grade SI | Preventing Maturity Grade ConDrive | Preventing Maturity Grade Customer Function | Homologation L-labelled | Showstopper_Confirmed | Buildability affected,1
25-07,DIPS,Preventing Maturity Grade Powertrain | Preventing Maturity Grade Customer Function | Homologation L-labelled | Showstopper_Confirmed | Not Homologation relevant,1
25-07,DIPS,Preventing Maturity Grade System Function | Escalation ConDrive | Preventing General Testing | Escalation General Testing | Preventing Maturity Grade SI | Escalation SI | Preventing Maturity Grade ConDrive | Showstopper M50 | Showstopper_Candidate,1
25-07,DIPS,Preventing Maturity Grade System Function | Escalation ConDrive | Preventing Maturity Grade EnBN | Escalation EnBN | Buildability SOP | Escalation General Testing | Preventing Maturity Grade Customer Function | Showstopper_Confirmed,1
25-07,DIPS,Preventing Maturity Grade System Function | Escalation ExtInt | Buildability SOP | Preventing Maturity Grade ConDrive | Homologation L-labelled | Showstopper_Confirmed | Not Homologation relevant,1
25-07,DIPS,Preventing Maturity Grade System Function | Escalation System Function | Preventing Maturity Grade ExtInt | Escalation General Testing | Preventing Maturity Grade SI | Preventing Maturity Grade ConDrive | Showstopper Customer Function | Homologation L-labelled | Showstopper_Confirmed | Homologation relevant | Not Homologation relevant,1
25-07,DIPS,Preventing Maturity Grade System Function | Escalation System Function | Preventing Maturity Grade SI | Homologation L-labelled | Showstopper_Confirmed,1
25-07,DIPS,Preventing Maturity Grade System Function | Escalation System Function | Preventing Maturity Grade SI | Preventing Maturity Grade Customer Function | Homologation L-labelled | Top_Issue_Confirmed,1
25-07,DIPS,Preventing Maturity Grade System Function | Homologation L-labelled | Showstopper_Candidate,1
25-07,DIPS,Preventing Maturity Grade System Function | Preventing Maturity Grade ConDrive | Homologation L-labelled,1
25-07,DIPS,Preventing Maturity Grade System Function | Preventing Maturity Grade SI | Escalation SI | Homologation L-labelled | Showstopper_Candidate,1
25-07,DIPS,Preventing Maturity Grade System Function | Top_Issue_Confirmed,1
25-07,DIPS,Showstopper_Candidate | Buildability affected,1
25-07,DIPS,Showstopper_Candidate | No_Showstopper_Confirmed,1
25-07,DIPS,Showstopper_Confirmed | Buildability affected,1
25-07,DIPS_TSP_Car_Apps,No_Showstopper_Confirmed,1
25-07,DTSV_China,Buildability SOP | Showstopper_Confirmed,1
25-07,DTSV_China,Escalation ADAS | Showstopper_Candidate,1
25-07,DTSV_China,Escalation ConDrive | Preventing Maturity Grade ConDrive | Preventing Maturity Grade Customer Function | Showstopper_Confirmed,1
25-07,DTSV_China,Escalation ConDrive | Preventing Maturity Grade Customer Function | Showstopper_Confirmed,1
25-07,DTSV_China,Homologation L-labelled | Homologation relevant,1
25-07,DTSV_China,Homologation L-labelled | No_Showstopper_Confirmed,1
25-07,DTSV_China,No_Showstopper_Candidate | Not Homologation relevant,1
25-07,DTSV_China,Not Homologation relevant | Top_Issue_Confirmed,1
25-07,DTSV_China,Obstructing Maturity Grade ConDrive | Homologation L-labelled,1
25-07,DTSV_China,Obstructing Maturity Grade ConDrive | Preventing Maturity Grade SI | No_Showstopper_Confirmed,1
25-07,DTSV_China,Obstructing Maturity Grade ExtInt,1
25-07,DTSV_China,Obstructing Maturity Grade ExtInt | Showstopper_Confirmed,1
25-07,DTSV_China,Obstructing Maturity Grade System Function | Homologation L-labelled | Showstopper_Confirmed,1
25-07,DTSV_China,Obstructing Maturity Grade System Function | Showstopper_Candidate,1
25-07,DTSV_China,Preventing Maturity Grade ConDrive | Homologation L-labelled,1
25-07,DTSV_China,Preventing Maturity Grade ConDrive | Homologation L-labelled | Showstopper_Confirmed,1
25-07,DTSV_China,Preventing Maturity Grade ConDrive | Preventing Maturity Grade Customer Function | Homologation L-labelled | Showstopper_Confirmed,1
25-07,DTSV_China,Preventing Maturity Grade ConDrive | Preventing Maturity Grade Customer Function | Homologation L-labelled | Showstopper_Confirmed | Not Homologation relevant,1
25-07,DTSV_China,Preventing Maturity Grade ConDrive | Showstopper_Candidate | Homologation relevant,1
25-07,DTSV_China,Preventing Maturity Grade ConDrive | Showstopper_Candidate | Not Homologation relevant,1
25-07,DTSV_China,Preventing Maturity Grade Customer Function | Not Homologation relevant | Top_Issue_Confirmed,1
25-07,DTSV_China,Preventing Maturity Grade Customer Function | Showstopper_Candidate,1
25-07,DTSV_China,Preventing Maturity Grade Customer Function | Showstopper_Confirmed | Escalation QZF,1
25-07,DTSV_China,Preventing Maturity Grade SI | Showstopper_Candidate,1
25-07,DTSV_China,Preventing Maturity Grade System Function | Escalation ConDrive | Escalation General Testing | Preventing Maturity Grade Customer Function | Homologation L-labelled | Showstopper_Confirmed | Buildability affected,1
25-07,DTSV_China,Preventing Maturity Grade System Function | Preventing Maturity Grade Customer Function | Homologation L-labelled | Showstopper_Confirmed,1
25-07,DTSV_Japan,Preventing Maturity Grade ConDrive | Showstopper_Candidate | Not Homologation relevant,1
25-07,DTSV_Japan,Preventing Maturity Grade ConDrive | Showstopper_Confirmed,1
25-07,DTSV_Japan,Preventing Maturity Grade Customer Function | Showstopper_Confirmed,1
25-07,DTSV_Japan,Showstopper_Confirmed,1
25-07,DTSV_Korea,Obstructing Maturity Grade ConDrive | Showstopper_Confirmed,1
25-07,DTSV_MUC_IuK,Top_Issue_Confirmed,1
25-07,DTSV_WCL,Homologation L-labelled | Showstopper_Confirmed,1
25-07,DTSV_WCL,Homologation L-labelled | Showstopper_Confirmed | Not Homologation relevant,1
25-07,EE-FIT_SYS25_INM,Preventing Maturity Grade Customer Function | Showstopper_Confirmed | Not Homologation relevant,1
25-07,IUK,Escalation ConDrive | Escalation General Testing | Preventing Maturity Grade Customer Function | Homologation L-labelled | Showstopper_Confirmed,1
25-07,IUK,Escalation ConDrive | Escalation General Testing | Showstopper M50 | Preventing Maturity Grade Customer Function | Showstopper_Confirmed,1
25-07,IUK,Escalation ConDrive | Preventing Maturity Grade ConDrive | Obstructing Maturity Grade ExtInt | Preventing Maturity Grade Customer Function | Showstopper_Confirmed,1
25-07,IUK,Escalation ConDrive | Preventing Maturity Grade ConDrive | Preventing Maturity Grade Customer Function | Homologation L-labelled | Showstopper_Confirmed | Not Homologation relevant,1
25-07,IUK,Escalation ConDrive | Preventing Maturity Grade Customer Function | Homologation L-labelled | Showstopper_Confirmed | Buildability affected,1
25-07,IUK,Escalation ConDrive | Showstopper_Confirmed | Not Homologation relevant,1
25-07,IUK,Escalation General Testing | Preventing Maturity Grade ConDrive | Showstopper_Confirmed,1
25-07,IUK,Homologation L-labelled | Top_Issue_Confirmed,1
25-07,IUK,Obstructing Maturity Grade ConDrive | Homologation L-labelled | Showstopper_Candidate | Not Homologation relevant,1
25-07,IUK,Obstructing Maturity Grade ConDrive | No_Showstopper_Confirmed | Not Homologation relevant,1
25-07,IUK,Obstructing Maturity Grade ConDrive | Obstructing Maturity Grade ExtInt,1
25-07,IUK,Obstructing Maturity Grade ConDrive | Obstructing Maturity Grade System Function | Showstopper_Candidate,1
25-07,IUK,Obstructing Maturity Grade ConDrive | Preventing Maturity Grade Customer Function | Homologation L-labelled | Showstopper_Candidate | No_Showstopper_Confirmed,1
25-07,IUK,Obstructing Maturity Grade ConDrive | Preventing Maturity Grade Customer Function | Homologation L-labelled | Showstopper_Confirmed | Not Homologation relevant,1
25-07,IUK,Obstructing Maturity Grade ConDrive | Preventing Maturity Grade Customer Function | Showstopper_Confirmed | Not Homologation relevant,1
25-07,IUK,Obstructing Maturity Grade ConDrive | Showstopper_Candidate | No_Showstopper_Confirmed | Not Homologation relevant,1
25-07,IUK,Obstructing Maturity Grade ConDrive | Showstopper_Confirmed,1
25-07,IUK,Obstructing Maturity Grade ExtInt | Homologation L-labelled | Showstopper_Confirmed,1
25-07,IUK,Preventing Maturity Grade ADAS | Escalation ADAS | Escalation ConDrive | Preventing Maturity Grade Customer Function | Homologation L-labelled | Showstopper_Confirmed,1
25-07,IUK,Preventing Maturity Grade ConDrive | Homologation L-labelled | Showstopper_Confirmed | Homologation relevant,1
25-07,IUK,Preventing Maturity Grade ConDrive | Preventing Maturity Grade Customer Function,1
25-07,IUK,Preventing Maturity Grade ConDrive | Preventing Maturity Grade Customer Function | Showstopper_Candidate,1
25-07,IUK,Preventing Maturity Grade ConDrive | Preventing Maturity Grade Customer Function | Showstopper_Confirmed | Not Homologation relevant,1
25-07,IUK,Preventing Maturity Grade ConDrive | Showstopper M50 | Showstopper_Confirmed,1
25-07,IUK,Preventing Maturity Grade ConDrive | Showstopper_Confirmed | Not Homologation relevant,1
25-07,IUK,Preventing Maturity Grade ExtInt | Escalation ExtInt | Escalation ConDrive | Preventing Maturity Grade ConDrive | Preventing Maturity Grade Customer Function | Showstopper_Confirmed | Not Homologation relevant,1
25-07,IUK,Preventing Maturity Grade ExtInt | Escalation General Testing | Preventing Maturity Grade SI | Preventing Maturity Grade ConDrive | Homologation L-labelled | Showstopper_Confirmed,1
25-07,IUK,Preventing Maturity Grade ExtInt | Preventing General Testing | Preventing Maturity Grade ConDrive | Preventing Maturity Grade Customer Function | Showstopper_Confirmed | Not Homologation relevant,1
25-07,IUK,Preventing Maturity Grade ExtInt | Preventing Maturity Grade ConDrive | Homologation L-labelled | Showstopper_Confirmed | Not Homologation relevant,1
25-07,IUK,Preventing Maturity Grade System Function | Buildability SOP | Preventing Maturity Grade ConDrive | Homologation L-labelled | Showstopper_Confirmed,1
25-07,IUK,Preventing Maturity Grade System Function | Escalation Powertrain | Obstructing Maturity Grade ConDrive | Preventing Maturity Grade Customer Function | Homologation L-labelled | Showstopper_Confirmed,1
25-07,IUK,Preventing Maturity Grade System Function | Escalation System Function | Preventing Maturity Grade ConDrive | Showstopper M50 | Homologation L-labelled | Showstopper_Confirmed,1
25-07,IUK,Preventing Maturity Grade System Function | Homologation L-labelled | Showstopper_Confirmed,1
25-07,IUK,Showstopper Customer Function | Showstopper_Candidate,1
25-07,IUK,Showstopper_Confirmed | Not Homologation relevant,1
25-07,IuK_CoC_CCC,Preventing Maturity Grade Customer Function | Homologation L-labelled | Showstopper_Confirmed | Escalation QZF,1
25-07,IuK_CoC_eCall,Homologation L-labelled | Showstopper_Candidate | Not Homologation relevant,1
25-07,IuK_TSP_Entertainment,,1
25-07,IuK_TSP_HMI,Showstopper_Candidate,1
25-07,Iuk_CoC_CDSERV_JAP,Homologation L-labelled | Showstopper_Confirmed | Not Homologation relevant,1
25-07,MGU_Stability_Analysis,Buildability Obstruction | Showstopper_Confirmed | Buildability affected,1
25-07,MGU_Stability_Analysis,Showstopper_Candidate,1
25-07,[AT]BBA_Basis-FIT,Obstructing Maturity Grade ExtInt | Showstopper_Candidate,1
25-07,[AT]CoC_EI_IuK,Showstopper_Confirmed,1
25-07,[AT]CoC_EI_IuK_China,No_Showstopper_Confirmed,1
25-07,[AT]FIT_LAENDER_CHINA,,1
25-07,[AT]SysVal_China,Showstopper_Candidate,1
25-07,[AT]W0-Analysis,Showstopper_Confirmed | Buildability Blocker,1
25-07,[AT]W09-FIT,Homologation L-labelled | Showstopper_Confirmed,1
25-07,[AT]W10-Analysis,Showstopper_Confirmed,1
25-07,[AT]W71-FIT,,1
25-07,[AT]W71-FIT,Obstructing Maturity Grade ConDrive | Showstopper_Candidate,1
25-07,[AT]W71-FIT,Showstopper_Candidate,1
25-07,[AT]W72-FIT,Homologation L-labelled | Showstopper_Candidate,1
25-07,[AT]W72-FIT,Homologation L-labelled | Showstopper_Confirmed | Not Homologation relevant,1
25-11,,Homologation L-labelled,1
25-11,,Homologation L-labelled | Showstopper_Candidate,1
25-11,,No_Showstopper_Candidate,1
25-11,,Preventing Maturity Grade ConDrive | Preventing Maturity Grade Customer Function | Homologation L-labelled | Showstopper_Confirmed,1
25-11,DIPS,Escalation ADAS | Homologation L-labelled | Top_Issue_Confirmed,1
25-11,DIPS,Escalation ConDrive | Escalation General Testing | Preventing Maturity Grade ConDrive | Showstopper M50 | Preventing Maturity Grade Customer Function | Homologation L-labelled | Showstopper_Confirmed | Not Homologation relevant,1
25-11,DIPS,Escalation ConDrive | Escalation General Testing | Preventing Maturity Grade Customer Function | Showstopper_Confirmed | Buildability affected,1
25-11,DIPS,Escalation ConDrive | Escalation General Testing | Showstopper M50 | Preventing Maturity Grade Customer Function | Homologation L-labelled | Showstopper_Confirmed,1
25-11,DIPS,Escalation ConDrive | Obstructing Maturity Grade ExtInt | Homologation L-labelled | Top_Issue_Confirmed,1
25-11,DIPS,Escalation ConDrive | Preventing Maturity Grade ConDrive | Homologation L-labelled | Showstopper_Confirmed | Buildability affected,1
25-11,DIPS,Escalation ConDrive | Preventing Maturity Grade Customer Function | Showstopper_Confirmed,1
25-11,DIPS,Escalation ConDrive | Preventing Maturity Grade Customer Function | Showstopper_Confirmed | Buildability affected,1
25-11,DIPS,Escalation ConDrive | Showstopper M50 | Preventing Maturity Grade Customer Function | Homologation L-labelled | Showstopper_Confirmed,1
25-11,DIPS,Escalation ConDrive | Showstopper_Confirmed,1
25-11,DIPS,Escalation SI | Preventing Maturity Grade Customer Function | Homologation L-labelled | Showstopper_Confirmed | Buildability affected,1
25-11,DIPS,Homologation L-labelled,1
25-11,DIPS,Homologation L-labelled | No_Showstopper_Confirmed,1
25-11,DIPS,Homologation L-labelled | Showstopper_Confirmed | Not Homologation relevant,1
25-11,DIPS,No Top Issue ExtInt | Escalation ConDrive | Not Homologation relevant | Top_Issue_Confirmed,1
25-11,DIPS,No Top Issue ExtInt | Homologation L-labelled | Top_Issue_Confirmed,1
25-11,DIPS,Obstructing Maturity Grade ConDrive | Showstopper_Candidate,1
25-11,DIPS,Obstructing Maturity Grade ExtInt | Preventing Maturity Grade Customer Function | Not Homologation relevant | Top_Issue_Confirmed,1
25-11,DIPS,Obstructing Maturity Grade ExtInt | Preventing Maturity Grade Customer Function | Showstopper_Confirmed,1
25-11,DIPS,Obstructing Maturity Grade ExtInt | Showstopper_Confirmed,1
25-11,DIPS,Obstructing Maturity Grade System Function | Homologation L-labelled | Top_Issue_Confirmed,1
25-11,DIPS,Preventing Maturity Grade ADAS | Escalation ADAS | Preventing Maturity Grade SI | Preventing Maturity Grade Customer Function | Homologation L-labelled | Showstopper_Confirmed,1
25-11,DIPS,Preventing Maturity Grade ADAS | Homologation L-labelled | Top_Issue_Confirmed,1
25-11,DIPS,Preventing Maturity Grade ConDrive,1
25-11,DIPS,Preventing Maturity Grade ConDrive | Homologation L-labelled,1
25-11,DIPS,Preventing Maturity Grade ConDrive | Homologation L-labelled | Showstopper_Confirmed,1
25-11,DIPS,Preventing Maturity Grade ConDrive | Homologation L-labelled | Showstopper_Confirmed | Buildability affected,1
25-11,DIPS,Preventing Maturity Grade ConDrive | Preventing Maturity Grade Customer Function | Showstopper_Confirmed | Buildability affected,1
25-11,DIPS,Preventing Maturity Grade ConDrive | Showstopper_Confirmed,1
25-11,DIPS,Preventing Maturity Grade ConDrive | Top_Issue_Confirmed,1
25-11,DIPS,Preventing Maturity Grade Customer Function | Homologation L-labelled | Top_Issue_Confirmed,1
25-11,DIPS,Preventing Maturity Grade Customer Function | Showstopper_Candidate,1
25-11,DIPS,Preventing Maturity Grade Customer Function | Showstopper_Confirmed | Not Homologation relevant,1
25-11,DIPS,Preventing Maturity Grade Energy Management | Showstopper_Confirmed,1
25-11,DIPS,Preventing Maturity Grade ExtInt | Escalation ConDrive | Escalation General Testing | Preventing Maturity Grade Customer Function | Homologation L-labelled | Showstopper_Confirmed,1
25-11,DIPS,Preventing Maturity Grade ExtInt | Escalation ExtInt | Preventing Maturity Grade Customer Function | Showstopper_Confirmed,1
25-11,DIPS,Preventing Maturity Grade System Function | Escalation ConDrive | Preventing Maturity Grade Customer Function | Showstopper_Confirmed | Buildability affected,1
25-11,DIPS,Preventing Maturity Grade System Function | Preventing Maturity Grade Powertrain | Escalation Powertrain | Escalation ConDrive | Showstopper_Candidate | Buildability affected,1
25-11,DIPS,Showstopper M50 | Homologation L-labelled | Showstopper_Confirmed | Not Homologation relevant,1
25-11,DIPS,Showstopper M50 | Preventing Maturity Grade Customer Function | Homologation L-labelled | Showstopper_Confirmed,1
25-11,DIPS,Showstopper M50 | Showstopper_Confirmed,1
25-11,DIPS_TSP_Remote_Services,,1
25-11,DTSV_China,Homologation L-labelled | No_Showstopper_Candidate,1
25-11,DTSV_China,Homologation L-labelled | No_Showstopper_Confirmed,1
25-11,DTSV_China,Homologation L-labelled | Showstopper_Candidate | Homologation relevant | Not Homologation relevant,1
25-11,DTSV_China,Homologation L-labelled | Showstopper_Candidate | Not Homologation relevant,1
25-11,DTSV_China,Not Homologation relevant | Top_Issue_Confirmed,1
25-11,DTSV_China,Obstructing Maturity Grade ConDrive | Obstructing Maturity Grade ExtInt | Homologation L-labelled,1
25-11,DTSV_China,Obstructing Maturity Grade ConDrive | Showstopper_Candidate,1
25-11,DTSV_China,Preventing Maturity Grade Customer Function,1
25-11,DTSV_China,Preventing Maturity Grade Customer Function | Showstopper_Candidate,1
25-11,DTSV_China,Preventing Maturity Grade ExtInt | Homologation L-labelled,1
25-11,DTSV_China,Preventing Maturity Grade System Function | Homologation L-labelled | Showstopper_Candidate,1
25-11,DTSV_China,Showstopper M50 | Preventing Maturity Grade Customer Function | Homologation L-labelled | Showstopper_Confirmed,1
25-11,IUK,Escalation ConDrive | Preventing Maturity Grade ConDrive | Preventing Maturity Grade Customer Function | Homologation L-labelled | Top_Issue_Confirmed,1
25-11,IUK,Escalation ConDrive | Showstopper_Confirmed,1
25-11,IUK,Escalation General Testing | Preventing Maturity Grade ConDrive | Preventing Maturity Grade Customer Function | Showstopper_Confirmed,1
25-11,IUK,Escalation SI | Homologation L-labelled | Showstopper_Candidate | No_Showstopper_Confirmed,1
25-11,IUK,Homologation L-labelled,1
25-11,IUK,Not Homologation relevant | Top_Issue_Confirmed,1
25-11,IUK,Obstructing Maturity Grade ConDrive | Obstructing Maturity Grade System Function | Homologation L-labelled,1
25-11,IUK,Obstructing Maturity Grade ConDrive | Showstopper_Candidate | No_Showstopper_Confirmed,1
25-11,IUK,Obstructing Maturity Grade System Function | Homologation L-labelled | Showstopper_Confirmed,1
25-11,IUK,Preventing Maturity Grade ADAS | Showstopper M50 | Preventing Maturity Grade Customer Function | Homologation L-labelled | Showstopper_Confirmed,1
25-11,IUK,Preventing Maturity Grade ConDrive | Homologation L-labelled | Top_Issue_Confirmed,1
25-11,IUK,Preventing Maturity Grade ConDrive | Preventing Maturity Grade Customer Function | Showstopper_Candidate,1
25-11,IUK,Preventing Maturity Grade ConDrive | Showstopper_Candidate,1
25-11,IUK,Preventing Maturity Grade ConDrive | Showstopper_Confirmed | Not Homologation relevant,1
25-11,IUK,Preventing Maturity Grade Customer Function | Homologation L-labelled | Not Homologation relevant | Top_Issue_Confirmed,1
25-11,IUK,Preventing Maturity Grade Customer Function | Homologation L-labelled | Showstopper_Confirmed,1
25-11,IUK,Preventing Maturity Grade Customer Function | Not Homologation relevant | Top_Issue_Confirmed,1
25-11,IUK,Preventing Maturity Grade Customer Function | Showstopper_Confirmed | Not Homologation relevant,1
25-11,IUK,Preventing Maturity Grade System Function | Escalation System Function | Showstopper M50 | Homologation L-labelled | Showstopper_Confirmed,1
25-11,IUK,Preventing Maturity Grade System Function | Showstopper M50 | Preventing Maturity Grade Customer Function | Homologation L-labelled | Top_Issue_Confirmed,1
25-11,IUK,Showstopper M50 | Preventing Maturity Grade Customer Function | Homologation L-labelled | Showstopper_Candidate,1
25-11,IUK,Showstopper M50 | Preventing Maturity Grade Customer Function | Homologation L-labelled | Showstopper_Confirmed,1
25-11,IuK_TSP_Entertainment,,1
25-11,IuK_TSP_HMI,,1
25-11,IuK_TSP_Navi,,1
25-11,IuK_TSP_Navi,Showstopper_Candidate | No_Showstopper_Confirmed,1
25-11,IuK_TSP_Stability_Performance,Top_Issue_Confirmed,1
26-03,,Homologation L-labelled | Top_Issue_Confirmed,1
26-03,,No_Showstopper_Confirmed,1
26-03,,Preventing Maturity Grade ConDrive | Preventing Maturity Grade Customer Function | Homologation L-labelled | Showstopper_Confirmed,1
26-03,,Preventing Maturity Grade ConDrive | Showstopper_Candidate,1
26-03,,Preventing Maturity Grade ConDrive | Showstopper_Confirmed,1
26-03,,Showstopper_Confirmed,1
26-03,DIPS,Homologation L-labelled | No_Showstopper_Confirmed | Not Homologation relevant,1
26-03,DIPS,Homologation L-labelled | Not Homologation relevant | Top_Issue_Confirmed,1
26-03,DIPS,Homologation L-labelled | Showstopper_Candidate | Not Homologation relevant,1
26-03,DIPS,Preventing General Testing | Homologation L-labelled | Top_Issue_Confirmed,1
26-03,DIPS,Preventing Maturity Grade ConDrive | Homologation L-labelled | Not Homologation relevant,1
26-03,DIPS,Preventing Maturity Grade Customer Function | Showstopper_Candidate,1
26-03,DIPS,Preventing Maturity Grade ExtInt | Preventing Maturity Grade ConDrive | Homologation L-labelled | Showstopper_Candidate,1
26-03,DIPS,Showstopper M50 | Top_Issue_Confirmed,1
26-03,DIPS,Showstopper_Candidate | No_Showstopper_Confirmed,1
26-03,DIPS,Showstopper_Confirmed | Not Homologation relevant,1
26-03,DIPS_TSP_Call_Services,Homologation L-labelled | Showstopper_Candidate,1
26-03,DIPS_TSP_Car_Apps,No_Showstopper_Confirmed,1
26-03,DTSV_China,Buildability affected,1
26-03,DTSV_China,Escalation ADAS | Showstopper_Candidate,1
26-03,DTSV_China,Escalation ConDrive | Homologation L-labelled | Showstopper_Confirmed,1
26-03,DTSV_China,Escalation ExtInt | Obstructing Maturity Grade ExtInt | Homologation L-labelled | Showstopper_Confirmed,1
26-03,DTSV_China,Homologation L-labelled | No_Showstopper_Candidate,1
26-03,DTSV_China,Homologation L-labelled | No_Showstopper_Confirmed | Not Homologation relevant,1
26-03,DTSV_China,Homologation L-labelled | Not Homologation relevant | Top_Issue_Confirmed,1
26-03,DTSV_China,Homologation L-labelled | Showstopper_Candidate | Buildability affected,1
26-03,DTSV_China,Obstructing Maturity Grade ConDrive | No_Showstopper_Confirmed | Not Homologation relevant,1
26-03,DTSV_China,Obstructing Maturity Grade ConDrive | Showstopper_Candidate,1
26-03,DTSV_China,Preventing Maturity Grade ConDrive | Homologation L-labelled | Top_Issue_Confirmed,1
26-03,DTSV_China,Preventing Maturity Grade ConDrive | Preventing Maturity Grade Customer Function | Homologation L-labelled | Showstopper_Confirmed | Buildability Blocker,1
26-03,DTSV_China,Preventing Maturity Grade Customer Function | Homologation L-labelled | Showstopper_Candidate,1
26-03,DTSV_China,Preventing Maturity Grade Customer Function | Homologation L-labelled | Showstopper_Confirmed,1
26-03,DTSV_China,Preventing Maturity Grade Customer Function | Showstopper_Candidate | Buildability affected,1
26-03,DTSV_China,Preventing Maturity Grade Customer Function | Showstopper_Confirmed,1
26-03,DTSV_China,Preventing Maturity Grade Powertrain | Escalation Powertrain | Homologation L-labelled | Homologation relevant | Top_Issue_Confirmed,1
26-03,DTSV_China,Preventing Maturity Grade System Function,1
26-03,DTSV_China,Preventing Maturity Grade System Function | Escalation System Function | Homologation L-labelled | No_Showstopper_Candidate,1
26-03,DTSV_China,Preventing Maturity Grade System Function | Escalation System Function | Homologation L-labelled | Showstopper_Confirmed,1
26-03,DTSV_China,Preventing Maturity Grade System Function | Preventing Maturity Grade Customer Function | Homologation L-labelled,1
26-03,DTSV_China,Preventing Maturity Grade System Function | Preventing Maturity Grade Customer Function | Homologation L-labelled | Top_Issue_Confirmed,1
26-03,DTSV_China,Showstopper_Candidate | Buildability affected,1
26-03,DTSV_China,Showstopper_Candidate | Homologation relevant,1
26-03,DTSV_China,Showstopper_Confirmed | Not Homologation relevant,1
26-03,DTSV_Korea,Showstopper_Confirmed,1
26-03,IUK,Escalation ConDrive | Preventing Maturity Grade ConDrive | Preventing Maturity Grade Customer Function | Showstopper_Confirmed,1
26-03,IUK,No_Showstopper_Candidate,1
26-03,IUK,Obstructing Maturity Grade ExtInt | Preventing Maturity Grade Customer Function | Showstopper_Confirmed,1
26-03,IUK,Obstructing Maturity Grade System Function | Homologation L-labelled | Top_Issue_Confirmed,1
26-03,IUK,Preventing Maturity Grade ConDrive | Homologation L-labelled | Showstopper_Candidate,1
26-03,IUK,Preventing Maturity Grade ConDrive | Homologation L-labelled | Showstopper_Confirmed,1
26-03,IUK,Preventing Maturity Grade ConDrive | Homologation L-labelled | Showstopper_Confirmed | Not Homologation relevant,1
26-03,IUK,Preventing Maturity Grade ConDrive | Preventing Maturity Grade Customer Function,1
26-03,IUK,Preventing Maturity Grade ConDrive | Preventing Maturity Grade Customer Function | Showstopper_Candidate,1
26-03,IUK,Preventing Maturity Grade ConDrive | Preventing Maturity Grade Customer Function | Showstopper_Confirmed,1
26-03,IUK,Preventing Maturity Grade ConDrive | Preventing Maturity Grade Customer Function | Showstopper_Confirmed | Buildability affected,1
26-03,IUK,Preventing Maturity Grade ConDrive | Showstopper_Candidate,1
26-03,IUK,Preventing Maturity Grade ConDrive | Top_Issue_Confirmed,1
26-03,IUK,Preventing Maturity Grade Customer Function | Showstopper_Candidate,1
26-03,IUK,Preventing Maturity Grade Customer Function | Top_Issue_Confirmed,1
26-03,IUK,Preventing Maturity Grade ExtInt | Obstructing Maturity Grade ConDrive | Preventing Maturity Grade Customer Function | Showstopper_Candidate | No_Showstopper_Confirmed,1
26-03,IUK,Preventing Maturity Grade System Function | Preventing Maturity Grade Customer Function | Homologation L-labelled | Top_Issue_Confirmed,1
26-03,IuK_TSP_AZV,,1
26-03,IuK_TSP_AZV,Top_Issue_Confirmed,1
26-03,[AT]CoC_EV_FAS,Preventing Maturity Grade ADAS | Escalation ADAS | Homologation L-labelled | Top_Issue_Confirmed,1
26-03,[AT]W0-FIT,Preventing Maturity Grade Customer Function | Homologation L-labelled | Top_Issue_Confirmed,1
26-03,[AT]supplier,Showstopper_Candidate,1
26-07,,Buildability SOP | Preventing General Testing | Preventing Maturity Grade ConDrive | Showstopper_Candidate,1
26-07,,Escalation ConDrive | Preventing Maturity Grade ConDrive | Preventing Maturity Grade Customer Function | Homologation L-labelled | Showstopper_Confirmed,1
26-07,,Homologation L-labelled | No_Showstopper_Confirmed | Not Homologation relevant,1
26-07,,Homologation L-labelled | Not Homologation relevant,1
26-07,,Homologation L-labelled | Not Homologation relevant | Top_Issue_Confirmed,1
26-07,,Homologation L-labelled | Showstopper_Confirmed,1
26-07,,Homologation L-labelled | Showstopper_Confirmed | Not Homologation relevant,1
26-07,,Preventing Maturity Grade ConDrive | Preventing Maturity Grade Customer Function | Showstopper_Candidate,1
26-07,,Preventing Maturity Grade Customer Function | Homologation L-labelled | Top_Issue_Confirmed,1
26-07,,Preventing Maturity Grade Customer Function | Showstopper_Candidate,1
26-07,,Preventing Maturity Grade Customer Function | Showstopper_Confirmed | Not Homologation relevant | Buildability affected,1
26-07,,Showstopper_Confirmed,1
26-07,DIPS,Escalation ADAS | Homologation L-labelled | Showstopper_Confirmed,1
26-07,DIPS,Escalation ConDrive | Buildability affected,1
26-07,DIPS,Escalation ConDrive | Preventing Maturity Grade ConDrive | Homologation L-labelled | Showstopper_Confirmed,1
26-07,DIPS,Escalation ConDrive | Preventing Maturity Grade ConDrive | Homologation L-labelled | Showstopper_Confirmed | Not Homologation relevant,1
26-07,DIPS,Escalation ConDrive | Preventing Maturity Grade ConDrive | Homologation L-labelled | Top_Issue_Confirmed,1
26-07,DIPS,Escalation ConDrive | Preventing Maturity Grade ConDrive | Preventing Maturity Grade Customer Function | Homologation L-labelled | Showstopper_Confirmed,1
26-07,DIPS,Escalation ConDrive | Preventing Maturity Grade ConDrive | Preventing Maturity Grade Customer Function | Homologation L-labelled | Showstopper_Confirmed | Not Homologation relevant,1
26-07,DIPS,Escalation ConDrive | Preventing Maturity Grade ConDrive | Showstopper M50 | Showstopper_Confirmed,1
26-07,DIPS,Escalation General Testing | Showstopper_Candidate,1
26-07,DIPS,Escalation General Testing | Showstopper_Confirmed,1
26-07,DIPS,Homologation L-labelled | Showstopper_Candidate | Not Homologation relevant,1
26-07,DIPS,Homologation L-labelled | Showstopper_Confirmed | Buildability affected,1
26-07,DIPS,No Top Issue ConDrive | Preventing Maturity Grade Customer Function | Homologation L-labelled | Showstopper_Confirmed,1
26-07,DIPS,No Top Issue ExtInt,1
26-07,DIPS,No Top Issue ExtInt | Showstopper_Candidate | No_Showstopper_Confirmed,1
26-07,DIPS,No Top Issue ExtInt | Top_Issue_Confirmed,1
26-07,DIPS,No_Showstopper_Candidate,1
26-07,DIPS,Not Homologation relevant | Top_Issue_Confirmed,1
26-07,DIPS,Obstructing Maturity Grade ExtInt,1
26-07,DIPS,Obstructing Maturity Grade ExtInt | Homologation L-labelled | Top_Issue_Confirmed,1
26-07,DIPS,Obstructing Maturity Grade System Function | Homologation L-labelled | Showstopper_Confirmed,1
26-07,DIPS,Preventing General Testing | Homologation L-labelled | Showstopper_Confirmed,1
26-07,DIPS,Preventing Maturity Grade ADAS | Escalation ADAS | Top_Issue_Confirmed,1
26-07,DIPS,Preventing Maturity Grade ADAS | Escalation ConDrive | Preventing Maturity Grade Customer Function | Homologation L-labelled | Showstopper_Confirmed,1
26-07,DIPS,Preventing Maturity Grade ADAS | Escalation ConDrive | Preventing Maturity Grade Customer Function | Homologation L-labelled | Showstopper_Confirmed | Buildability affected,1
26-07,DIPS,Preventing Maturity Grade ADAS | Preventing Maturity Grade Customer Function | Showstopper_Confirmed | Buildability affected,1
26-07,DIPS,Preventing Maturity Grade ConDrive | Homologation L-labelled | Showstopper_Confirmed | Homologation relevant | Not Homologation relevant,1
26-07,DIPS,Preventing Maturity Grade ConDrive | Homologation L-labelled | Showstopper_Confirmed | Not Homologation relevant,1
26-07,DIPS,Preventing Maturity Grade ConDrive | Homologation L-labelled | Top_Issue_Confirmed,1
26-07,DIPS,Preventing Maturity Grade ConDrive | Preventing Maturity Grade Customer Function | Homologation L-labelled | Showstopper_Candidate,1
26-07,DIPS,Preventing Maturity Grade ConDrive | Preventing Maturity Grade Customer Function | Top_Issue_Confirmed,1
26-07,DIPS,Preventing Maturity Grade ConDrive | Showstopper_Candidate | Buildability affected,1
26-07,DIPS,Preventing Maturity Grade ConDrive | Showstopper_Confirmed,1
26-07,DIPS,Preventing Maturity Grade ConDrive | Top_Issue_Confirmed,1
26-07,DIPS,Preventing Maturity Grade Customer Function,1
26-07,DIPS,Preventing Maturity Grade Customer Function | Not Homologation relevant | Top_Issue_Confirmed,1
26-07,DIPS,Preventing Maturity Grade Customer Function | Showstopper_Candidate | Not Homologation relevant,1
26-07,DIPS,Preventing Maturity Grade Customer Function | Showstopper_Confirmed,1
26-07,DIPS,Preventing Maturity Grade Customer Function | Showstopper_Confirmed | Not Homologation relevant,1
26-07,DIPS,Preventing Maturity Grade ExtInt | Preventing Maturity Grade Customer Function | Top_Issue_Confirmed,1
26-07,DIPS,Preventing Maturity Grade ExtInt | Preventing Maturity Grade Energy Management | Top_Issue_Confirmed,1
26-07,DIPS,Preventing Maturity Grade Powertrain | Escalation Powertrain | Escalation ConDrive | Preventing General Testing | Escalation General Testing | Showstopper M50 | Showstopper Customer Function | Homologation L-labelled | Buildability affected | Escalation QZF | Top_Issue_Confirmed,1
26-07,DIPS,Preventing Maturity Grade Powertrain | Escalation Powertrain | Preventing General Testing | Escalation General Testing | Homologation L-labelled | Showstopper_Confirmed,1
26-07,DIPS,Preventing Maturity Grade System Function | Homologation L-labelled,1
26-07,DIPS,Preventing Maturity Grade System Function | Homologation L-labelled | Showstopper_Confirmed | Buildability affected,1
26-07,DIPS,Preventing Maturity Grade System Function | Homologation L-labelled | Top_Issue_Confirmed,1
26-07,DIPS,Preventing Maturity Grade System Function | Preventing Maturity Grade Customer Function | Homologation L-labelled,1
26-07,DIPS,Showstopper M50 | Preventing Maturity Grade Customer Function | Homologation L-labelled | Showstopper_Confirmed,1
26-07,DIPS,Showstopper_Candidate | Not Homologation relevant,1
26-07,DIPS,Showstopper_Confirmed | Not Homologation relevant,1
26-07,DIPS_TSP_CD_Updates,Not Homologation relevant,1
26-07,DIPS_TSP_Call_Services,,1
26-07,DIPS_TSP_Call_Services,Homologation L-labelled | Showstopper_Candidate,1
26-07,DIPS_TSP_Call_Services,Showstopper_Candidate,1
26-07,DIPS_TSP_Call_Services,Top_Issue_Confirmed,1
26-07,DIPS_TSP_Remote_Services,,1
26-07,DIPS_TSP_Remote_Services,Homologation L-labelled | Showstopper_Candidate,1
26-07,DIPS_TSP_Remote_Services,Homologation L-labelled | Top_Issue_Confirmed,1
26-07,DTSV_China,Escalation ConDrive | Preventing Maturity Grade ConDrive | Homologation L-labelled | Showstopper_Candidate,1
26-07,DTSV_China,Escalation ConDrive | Preventing Maturity Grade Customer Function | Top_Issue_Confirmed,1
26-07,DTSV_China,Escalation ConDrive | Showstopper_Candidate | Not Homologation relevant,1
26-07,DTSV_China,Homologation L-labelled | No_Showstopper_Candidate | Not Homologation relevant,1
26-07,DTSV_China,Homologation L-labelled | No_Showstopper_Confirmed,1
26-07,DTSV_China,Homologation L-labelled | No_Showstopper_Confirmed | Not Homologation relevant,1
26-07,DTSV_China,Homologation L-labelled | Showstopper_Candidate | No_Showstopper_Confirmed,1
26-07,DTSV_China,No Top Issue ExtInt | Homologation L-labelled,1
26-07,DTSV_China,No Top Issue ExtInt | Homologation L-labelled | No_Showstopper_Candidate,1
26-07,DTSV_China,No_Showstopper_Candidate | Not Homologation relevant,1
26-07,DTSV_China,Obstructing Maturity Grade ConDrive | Homologation L-labelled | Showstopper_Candidate,1
26-07,DTSV_China,Obstructing Maturity Grade ConDrive | No_Showstopper_Confirmed,1
26-07,DTSV_China,Obstructing Maturity Grade ExtInt | Homologation L-labelled | Showstopper_Candidate,1
26-07,DTSV_China,Preventing General Testing | Showstopper_Candidate,1
26-07,DTSV_China,Preventing Maturity Grade ADAS | Homologation L-labelled | Showstopper_Candidate,1
26-07,DTSV_China,Preventing Maturity Grade ADAS | Top_Issue_Confirmed,1
26-07,DTSV_China,Preventing Maturity Grade ConDrive | Homologation L-labelled | Top_Issue_Confirmed,1
26-07,DTSV_China,Preventing Maturity Grade ConDrive | No_Showstopper_Candidate,1
26-07,DTSV_China,Preventing Maturity Grade ConDrive | Preventing Maturity Grade Customer Function,1
26-07,DTSV_China,Preventing Maturity Grade ConDrive | Preventing Maturity Grade Customer Function | Homologation L-labelled | Not Homologation relevant,1
26-07,DTSV_China,Preventing Maturity Grade ConDrive | Preventing Maturity Grade Customer Function | Homologation L-labelled | Showstopper_Candidate,1
26-07,DTSV_China,Preventing Maturity Grade ConDrive | Preventing Maturity Grade Customer Function | Homologation L-labelled | Showstopper_Confirmed,1
26-07,DTSV_China,Preventing Maturity Grade ConDrive | Preventing Maturity Grade Customer Function | Showstopper_Candidate,1
26-07,DTSV_China,Preventing Maturity Grade ConDrive | Preventing Maturity Grade Customer Function | Showstopper_Confirmed,1
26-07,DTSV_China,Preventing Maturity Grade ConDrive | Preventing Maturity Grade Customer Function | Top_Issue_Confirmed,1
26-07,DTSV_China,Preventing Maturity Grade ConDrive | Top_Issue_Confirmed,1
26-07,DTSV_China,Preventing Maturity Grade Customer Function,1
26-07,DTSV_China,Preventing Maturity Grade Customer Function | Homologation L-labelled,1
26-07,DTSV_China,Preventing Maturity Grade Customer Function | No_Showstopper_Candidate,1
26-07,DTSV_China,Preventing Maturity Grade Customer Function | Showstopper_Candidate | Buildability affected,1
26-07,DTSV_China,Preventing Maturity Grade Customer Function | Showstopper_Candidate | Not Homologation relevant,1
26-07,DTSV_China,Preventing Maturity Grade ExtInt | Homologation L-labelled | Showstopper_Candidate,1
26-07,DTSV_China,Preventing Maturity Grade ExtInt | Showstopper_Candidate,1
26-07,DTSV_China,Preventing Maturity Grade Powertrain | Showstopper_Candidate,1
26-07,DTSV_China,Preventing Maturity Grade SI | Showstopper_Candidate,1
26-07,DTSV_China,Preventing Maturity Grade System Function | Homologation L-labelled | Showstopper_Confirmed,1
26-07,DTSV_China,Showstopper_Candidate | Buildability affected,1
26-07,DTSV_Japan,Homologation L-labelled | Top_Issue_Confirmed,1
26-07,EA-282_PHEV_SP21plus_FZG_VI,Preventing Maturity Grade System Function | Escalation Powertrain | Homologation L-labelled | Showstopper_Confirmed,1
26-07,EE-FIT_SYS25_INM,Obstructing Maturity Grade ExtInt | Homologation L-labelled | Showstopper_Confirmed,1
26-07,EE-FIT_SYS25_INM,Showstopper_Candidate,1
26-07,IUK,Homologation L-labelled | No_Showstopper_Candidate,1
26-07,IUK,Homologation L-labelled | Showstopper_Candidate | Not Homologation relevant,1
26-07,IUK,No Top Issue ExtInt | Showstopper_Candidate,1
26-07,IUK,No_Showstopper_Confirmed,1
26-07,IUK,Obstructing Maturity Grade ConDrive | Homologation L-labelled | Showstopper_Candidate | No_Showstopper_Confirmed,1
26-07,IUK,Obstructing Maturity Grade ExtInt | Showstopper_Candidate,1
26-07,IUK,Obstructing Maturity Grade System Function | Homologation L-labelled | Top_Issue_Confirmed,1
26-07,IUK,Preventing Maturity Grade ConDrive | Homologation L-labelled,1
26-07,IUK,Preventing Maturity Grade ConDrive | Homologation L-labelled | Not Homologation relevant | Top_Issue_Confirmed,1
26-07,IUK,Preventing Maturity Grade ConDrive | Preventing Maturity Grade Customer Function | Showstopper_Candidate,1
26-07,IUK,Preventing Maturity Grade ConDrive | Preventing Maturity Grade Customer Function | Showstopper_Confirmed,1
26-07,IUK,Preventing Maturity Grade ConDrive | Showstopper_Confirmed | Not Homologation relevant,1
26-07,IUK,Preventing Maturity Grade Customer Function | Homologation L-labelled | Showstopper_Candidate,1
26-07,IUK,Preventing Maturity Grade Customer Function | Homologation L-labelled | Showstopper_Confirmed,1
26-07,IUK,Preventing Maturity Grade Customer Function | Not Homologation relevant | Top_Issue_Confirmed,1
26-07,IUK,Preventing Maturity Grade Customer Function | Showstopper_Candidate | Not Homologation relevant,1
26-07,IUK,Preventing Maturity Grade Driving Dynamics | Showstopper_Confirmed,1
26-07,IUK,Preventing Maturity Grade ExtInt | Escalation ExtInt | Top_Issue_Confirmed,1
26-07,IUK,Preventing Maturity Grade ExtInt | Homologation L-labelled | Top_Issue_Confirmed,1
26-07,IUK,Preventing Maturity Grade ExtInt | Preventing Maturity Grade Customer Function | Homologation L-labelled | Showstopper_Candidate,1
26-07,IUK,Preventing Maturity Grade ExtInt | Showstopper M50 | Homologation L-labelled | Showstopper_Candidate,1
26-07,IUK,Preventing Maturity Grade System Function | Homologation L-labelled | Showstopper_Confirmed,1
26-07,IUK,Preventing Maturity Grade System Function | Homologation L-labelled | Top_Issue_Confirmed,1
26-07,IUK,Preventing Maturity Grade System Function | Preventing Maturity Grade Customer Function | Homologation L-labelled | Showstopper_Confirmed,1
26-07,IUK,Showstopper M50 | Preventing Maturity Grade Customer Function | Homologation L-labelled | Showstopper_Confirmed,1
26-07,IuK_CoC_BASE,Preventing Maturity Grade Customer Function | Homologation L-labelled | Showstopper_Confirmed,1
26-07,IuK_TSP_AZV,Top_Issue_Confirmed,1
26-07,IuK_TSP_Audio,Homologation L-labelled | Showstopper_Candidate,1
26-07,IuK_TSP_Audio,Preventing Maturity Grade Customer Function | Homologation L-labelled | Showstopper_Candidate,1
26-07,IuK_TSP_Carfunctions,Homologation L-labelled,1
26-07,IuK_TSP_Connectivity,,1
26-07,IuK_TSP_Connectivity,Homologation L-labelled | Top_Issue_Confirmed,1
26-07,IuK_TSP_Connectivity,Showstopper_Candidate,1
26-07,IuK_TSP_Connectivity,Top_Issue_Confirmed,1
26-07,IuK_TSP_Entertainment,Homologation L-labelled | Showstopper_Candidate,1
26-07,IuK_TSP_Entertainment,Homologation L-labelled | Top_Issue_Confirmed,1
26-07,IuK_TSP_Entertainment,Preventing Maturity Grade Customer Function | Homologation L-labelled | Showstopper_Confirmed,1
26-07,IuK_TSP_Entertainment,Preventing Maturity Grade Customer Function | Top_Issue_Confirmed,1
26-07,IuK_TSP_Entertainment,Showstopper_Candidate | Not Homologation relevant,1
26-07,IuK_TSP_Fokusteam,Homologation L-labelled | Top_Issue_Confirmed,1
26-07,IuK_TSP_Fokusteam,Preventing Maturity Grade ADAS | Preventing Maturity Grade Customer Function | Homologation L-labelled | Showstopper_Confirmed,1
26-07,IuK_TSP_HMI,Preventing Maturity Grade Customer Function | Showstopper_Candidate,1
26-07,IuK_TSP_HMI,Top_Issue_Confirmed,1
26-07,IuK_TSP_Navi,No_Showstopper_Confirmed,1
26-07,IuK_TSP_Navi,Showstopper_Confirmed,1
26-07,IuK_TSP_Stability_Performance,Homologation L-labelled | Not Homologation relevant,1
26-07,IuK_TSP_VorIntegration,Homologation L-labelled | Top_Issue_Confirmed,1
26-07,KHIL_TestDesign,,1
26-07,Modul-PL_EES25_CoCo,Preventing Maturity Grade ConDrive | Homologation L-labelled | Showstopper_Confirmed | Not Homologation relevant,1
26-07,[AT] E_E_DTC_Analysis_SP25_XNF,Preventing Maturity Grade EnBN | Escalation EnBN | Obstructing Maturity Grade System Function | Preventing Maturity Grade Customer Function | Showstopper_Candidate,1
26-07,[AT]CoC_EI_IuK,Homologation L-labelled | Not Homologation relevant,1
26-07,[AT]CoC_EI_IuK,Homologation L-labelled | Showstopper_Confirmed,1
26-07,[AT]CoC_EI_IuK,Preventing Maturity Grade Customer Function | Homologation L-labelled | Showstopper_Confirmed | Not Homologation relevant,1
26-07,[AT]CoC_EI_IuK,Preventing Maturity Grade Customer Function | Showstopper_Confirmed | Not Homologation relevant,1
26-07,[AT]W0-FIT,Homologation L-labelled | Top_Issue_Confirmed,1
26-07,[AT]W01-FIT,Buildability SOP | Preventing General Testing | Escalation General Testing | Preventing Maturity Grade Customer Function | Homologation L-labelled | Showstopper_Confirmed,1
26-07,[AT]W02-FIT,Preventing Maturity Grade ConDrive | Preventing Maturity Grade Customer Function | Homologation L-labelled | Showstopper_Confirmed,1
26-07,[AT]W02-FIT,Preventing Maturity Grade Customer Function | Showstopper_Confirmed,1
26-07,[AT]W10-FIT,No Top Issue ExtInt | Homologation L-labelled | Showstopper_Confirmed | Buildability affected,1
26-07,[AT]W10-FIT,Preventing Maturity Grade Customer Function | Homologation L-labelled | Showstopper_Confirmed,1
26-07,[AT]W71-FIT,Homologation L-labelled | Not Homologation relevant,1
26-07,[AT]W71-FIT,No_Showstopper_Confirmed,1
26-07,[AT]W72-FIT,Preventing Maturity Grade System Function | Preventing Maturity Grade Customer Function | Homologation L-labelled | Showstopper_Confirmed,1
26-07,[AT]W72-FIT,Showstopper_Candidate,1
26-07,[AT]W72-FIT,Top_Issue_Confirmed,1
26-07,[AT]supplier,Homologation L-labelled | Showstopper_Confirmed,1
26-07,[AT]supplier,Preventing Maturity Grade Customer Function | Homologation L-labelled | Top_Issue_Confirmed,1
26-07,[AT]supplier,Showstopper_Candidate,1
26-11,,Homologation L-labelled | No_Showstopper_Candidate,1
26-11,,Homologation L-labelled | Not Homologation relevant,1
26-11,,Homologation L-labelled | Showstopper_Candidate,1
26-11,,Homologation L-labelled | Showstopper_Confirmed,1
26-11,,No_Showstopper_Candidate,1
26-11,,No_Showstopper_Confirmed,1
26-11,,Preventing Maturity Grade ConDrive | Showstopper_Candidate,1
26-11,,Preventing Maturity Grade Customer Function | Top_Issue_Confirmed,1
26-11,,Showstopper_Confirmed,1
26-11,DIPS,Homologation L-labelled | Top_Issue_Confirmed,1
26-11,DIPS,Preventing Maturity Grade ADAS | Escalation ADAS | Preventing Maturity Grade ConDrive | Preventing Maturity Grade Customer Function | Showstopper_Confirmed,1
26-11,DIPS,Preventing Maturity Grade ConDrive,1
26-11,DIPS,Preventing Maturity Grade Customer Function | Homologation L-labelled | Showstopper_Candidate,1
26-11,DIPS,Preventing Maturity Grade Customer Function | Top_Issue_Confirmed,1
26-11,DIPS,Preventing Maturity Grade ExtInt | Showstopper M50 | Preventing Maturity Grade Customer Function | Homologation L-labelled | Showstopper_Candidate,1
26-11,DIPS_TSP_CD_Updates,Homologation L-labelled,1
26-11,DIPS_TSP_CD_Updates,Preventing Maturity Grade Customer Function | Top_Issue_Confirmed,1
26-11,DIPS_TSP_Remote_Services,Homologation L-labelled,1
26-11,DTSV_China,Escalation ExtInt | Top_Issue_Confirmed,1
26-11,DTSV_China,Homologation L-labelled | Not Homologation relevant | Top_Issue_Confirmed,1
26-11,DTSV_China,Homologation L-labelled | Showstopper_Candidate | Not Homologation relevant,1
26-11,DTSV_China,Homologation L-labelled | Showstopper_Confirmed | Not Homologation relevant,1
26-11,DTSV_China,Preventing Maturity Grade ConDrive,1
26-11,DTSV_China,Preventing Maturity Grade ConDrive | Homologation L-labelled | Showstopper_Candidate,1
26-11,DTSV_China,Preventing Maturity Grade ConDrive | Homologation L-labelled | Top_Issue_Confirmed,1
26-11,DTSV_China,Preventing Maturity Grade ConDrive | Preventing Maturity Grade Customer Function | Top_Issue_Confirmed,1
26-11,DTSV_China,Preventing Maturity Grade Customer Function | Homologation L-labelled | Showstopper_Confirmed,1
26-11,DTSV_China,Preventing Maturity Grade Customer Function | Homologation L-labelled | Top_Issue_Confirmed,1
26-11,DTSV_China,Preventing Maturity Grade Customer Function | Top_Issue_Confirmed,1
26-11,DTSV_China,Preventing Maturity Grade System Function | Homologation L-labelled | Showstopper_Candidate,1
26-11,DTSV_China,Showstopper_Candidate | Not Homologation relevant,1
26-11,IUK,Homologation L-labelled | Top_Issue_Confirmed,1
26-11,IUK,Obstructing Maturity Grade ExtInt | Preventing Maturity Grade Customer Function | Homologation L-labelled | Showstopper_Candidate,1
26-11,IUK,Preventing Maturity Grade ConDrive,1
26-11,IUK,Preventing Maturity Grade Customer Function,1
26-11,IUK,Top_Issue_Confirmed,1
26-11,IuK_TSP_Audio,Homologation L-labelled,1
26-11,IuK_TSP_Audio,Showstopper_Candidate,1
26-11,IuK_TSP_Carfunctions,Showstopper_Candidate,1
26-11,IuK_TSP_Connectivity,Homologation L-labelled | Top_Issue_Confirmed,1
26-11,IuK_TSP_HMI,,1
26-11,IuK_TSP_HMI,Preventing Maturity Grade Customer Function | Showstopper_Confirmed,1
26-11,IuK_TSP_Navi,No_Showstopper_Candidate,1
26-11,IuK_TSP_Navi,Preventing Maturity Grade ConDrive | Showstopper_Candidate,1
26-11,IuK_TSP_Navi,Showstopper_Confirmed,1
26-11,IuK_TSP_Navi,Top_Issue_Confirmed,1
26-11,IuK_TSP_Stability_Performance,,1
26-11,[AT]BBA_Basis-FIT,Showstopper_Confirmed,1
26-11,[AT]FIT_LAENDER_CHINA,,1
26-11,[AT]FIT_LAENDER_CHINA,Homologation L-labelled | Top_Issue_Confirmed,1
26-11,[AT]FIT_LAENDER_CHINA,Top_Issue_Confirmed,1
26-11,[AT]W72-FIT,Showstopper_Candidate,1
27-07,,Homologation L-labelled,1
27-07,,Homologation L-labelled | Showstopper_Candidate,1
27-07,,Preventing Maturity Grade ConDrive,1
27-07,,Preventing Maturity Grade ConDrive | Showstopper_Candidate,1
27-07,DIPS,Homologation L-labelled,1
27-07,DIPS,Preventing Maturity Grade Customer Function | Showstopper_Candidate,1
27-07,DIPS_TSP_CD_Updates,Homologation L-labelled,1
27-07,DIPS_TSP_CD_Updates,Homologation L-labelled | Showstopper_Candidate,1
27-07,DIPS_TSP_Enabler,Preventing Maturity Grade ConDrive | Preventing Maturity Grade Customer Function | Homologation L-labelled | Showstopper_Candidate,1
27-07,DIPS_TSP_Remote_Services,,1
27-07,DTSV_China,Buildability affected,1
27-07,DTSV_China,Homologation L-labelled | Not Homologation relevant,1
27-07,DTSV_China,Preventing Maturity Grade ConDrive | Preventing Maturity Grade Customer Function | Showstopper_Candidate,1
27-07,DTSV_China,Preventing Maturity Grade Customer Function | Showstopper_Candidate | Not Homologation relevant,1
27-07,IUK,Preventing Maturity Grade Customer Function | Homologation L-labelled | Showstopper_Confirmed | Not Homologation relevant,1
27-07,IUK,Preventing Maturity Grade ExtInt,1
27-07,IuK_TSP_Audio,,1
27-07,IuK_TSP_Audio,Showstopper_Candidate,1
27-07,IuK_TSP_Carfunctions,,1
27-07,IuK_TSP_Carfunctions,Homologation L-labelled,1
27-07,IuK_TSP_Connectivity,Preventing Maturity Grade ConDrive | Homologation L-labelled,1
27-07,IuK_TSP_Entertainment,,1
27-07,IuK_TSP_HMI,,1
27-07,IuK_TSP_Navi,Preventing Maturity Grade ConDrive,1
27-07,IuK_TSP_Stability_Performance,,1
27-07,IuK_TSP_Stability_Performance,Escalation ConDrive | Preventing Maturity Grade ConDrive | Showstopper_Candidate,1
27-07,[AT]CoC_EI_IuK,Homologation L-labelled | Showstopper_Candidate,1
27-11,DTSV_China,,1
No I-Step Relevance,,,1
No I-Step Relevance,DIPS,Homologation L-labelled | No_Showstopper_Candidate,1
No I-Step Relevance,DIPS,Homologation L-labelled | Not Homologation relevant,1
No I-Step Relevance,DIPS,Homologation L-labelled | Showstopper_Candidate | Not Homologation relevant,1
No I-Step Relevance,DIPS,Homologation L-labelled | Showstopper_Confirmed,1
No I-Step Relevance,DIPS,Preventing Maturity Grade ConDrive,1
No I-Step Relevance,DIPS,Preventing Maturity Grade ConDrive | Showstopper_Confirmed,1
No I-Step Relevance,DIPS,Showstopper_Confirmed,1
No I-Step Relevance,DIPS_TSP_CD_Updates,,1
No I-Step Relevance,DIPS_TSP_CD_Updates,No_Showstopper_Confirmed,1
No I-Step Relevance,DTSV_China,No_Showstopper_Confirmed,1
No I-Step Relevance,DTSV_China,Obstructing Maturity Grade ConDrive | Showstopper_Candidate,1
No I-Step Relevance,DTSV_China,Preventing Maturity Grade ConDrive | Homologation L-labelled | Showstopper_Candidate,1
No I-Step Relevance,IUK,Homologation L-labelled,1
No I-Step Relevance,IUK,Homologation L-labelled | No_Showstopper_Confirmed,1
No I-Step Relevance,IUK,No_Showstopper_Confirmed,1
No I-Step Relevance,IUK,Preventing Maturity Grade System Function | Homologation L-labelled | Showstopper_Confirmed,1
